,item_id,item_title,item_price,item_desc,account_ID
1,77676337,Race.,403,Religious behavior thousand yet lose assume discussion.,17066693
9,90852541,Partner vote.,108,Challenge result office speech.,95096179
10,85986107,Arm Congress.,64,Become north activity onto.,95954547
11,12869992,Try increase.,426,Mr wind perhaps type. Amount teach truth feeling board yourself concern.,07126413
12,31655552,Design moment.,308,Whose half training political wrong there role middle.,12709786
13,03915554,Economy.,389,Tend themselves blood image during night. Simple real condition anything religious here and.,42134701
15,77905536,Four discussion.,204,Agreement service head energy go. Media thought point around.,64641409
16,06138363,Goal.,75,Late strategy allow have party fill.,53359612
17,07735905,Interview including.,345,Bring word girl Congress senior.,62695763
18,78087811,Cell whose.,26,Phone note affect government take computer.,39052605
20,62730396,Four mind.,411,Own serve themselves rather better race surface.,80046561
21,10634899,General sit.,380,Travel goal bit yard feel spring mouth. Watch relationship report.,88367453
23,06943134,How medical.,318,Degree today tend star white outside single.,02898063
25,04434191,Report dog.,340,Road you let key drive production focus. Audience quite ever prevent building.,07077845
28,87303131,Type prove.,241,Wear peace mean wish part ahead especially population.,05935819
30,19064710,Issue.,252,Condition rise analysis service hand city center. Worker store experience marriage.,18599169
32,09901223,Bill.,388,Congress themselves maybe tonight look lay something. This challenge into study probably choice debate.,94177954
33,48486590,Recent.,338,Year help age religious skill civil. Director discussion idea pick hear.,59467540
36,85849464,On benefit.,185,Career mission another up discover this.,97889205
37,61217331,North.,23,Think left military minute be later. Foreign property bed free.,03308691
41,60482075,Citizen book.,260,Remember letter daughter property world. Rate Mr moment tree.,10881187
43,76328671,Establish.,56,Their clear enough response.,35042259
44,66006411,Tell.,424,He situation method condition rather financial major level. International partner contain surface yourself use.,56872538
45,07666162,Student.,419,Let by receive measure without. Then opportunity recently or.,23194571
46,88358680,Deep.,367,Half morning cultural. Add above shoulder staff.,57593937
47,73285229,Vote.,369,American local let require political forward together provide.,75314583
50,77793560,Past.,195,Brother information manage rule subject Mrs.,82779801
51,85782259,West purpose.,294,Eat though wait worry Mrs experience.,24126663
53,95446394,Even what.,188,Market real miss star return race. Ago everyone artist you tell clear.,24527576
54,21588419,Officer.,345,Exactly window man issue. Religious care hold half know box relate represent.,68591120
55,35169499,Pick risk.,210,Call fine miss trouble push vote.,27005200
57,52976629,Dream three.,72,Us military opportunity career grow home.,32749632
60,35786757,Difficult.,293,Store dream economic whom according. Seat everyone try tell threat summer.,28379478
62,71509792,Check position.,24,Her behavior rise white protect require allow.,49840391
63,13998035,Power.,247,Structure small national add.,20291747
64,17781527,Wall again.,483,Particularly this travel effort little. Prepare wear simply stand key.,30154377
65,29758494,One.,161,Production second story debate student design. Claim poor whole international win.,00887915
66,74675043,Check find.,297,Race find manage ago wonder. Candidate win prevent article and since city.,40598581
68,51104566,Theory.,79,Election girl Democrat under. Well scientist cover experience style suffer.,77648082
69,81879984,Really.,31,World free pressure event education food along. Plant look month Congress check join mission budget.,91270610
75,56768282,Law both.,53,Occur protect against note family.,26267753
77,70441178,And.,87,Brother strategy sometimes none source share. Her view hundred radio.,69609084
78,16312951,Picture.,414,Table doctor anyone magazine suffer that bring.,10979723
82,53821638,Media.,49,Newspaper simple yeah tend land camera.,65370384
83,47229877,Process training.,237,Official natural culture happen price consider. Raise tend central including near phone street.,84538987
86,94597929,Decision.,232,Place especially short buy book.,20092764
87,50111367,Stuff me.,405,Star each film right. Price first well recent cause.,90044441
88,00596183,Still final.,151,Behavior cold view ball ahead.,59026440
89,65647721,Painting.,8,Able leave question way research challenge dinner.,05563784
90,73306955,Store decade.,273,Practice each from pressure.,05344956
91,93748148,List.,70,Series group newspaper up mouth coach. Direction Republican identify character money.,66578888
92,96003985,Than.,435,American worry actually late local smile. Industry avoid prepare.,56066005
94,03991015,Doctor.,79,Imagine song short market cell.,25980066
96,97220800,May.,168,Tough character possible mention support probably.,54736252
97,54726413,Some.,282,Peace good law week rate exactly. None security need air instead financial go.,04018926
99,59886785,Its.,230,Discussion man operation girl music gun must.,09042384
101,60942661,Trouble.,297,Clear that million college.,09521650
102,46297754,Peace.,309,Several it institution provide there fund resource.,69415784
103,17292351,Since.,111,Among thousand wish participant fund past write.,70249170
104,40519852,Miss low.,414,Develop leader hot parent country responsibility try.,96031650
106,34536308,Bit against.,96,Condition resource fish clearly huge.,06352301
110,04987529,May think.,177,Entire when report get significant few through. Base foreign lot into hair treat.,76814136
112,01106305,Heavy.,404,About eat whatever ever natural. Lose space apply level real and young.,85959552
113,03283011,Over.,81,Take likely hope. Activity data than focus turn range.,28424741
114,14450372,Girl firm.,477,Always exactly people.,67907434
115,48124287,Management various.,122,Across student short they. Might reveal professional offer toward anything room.,03568392
116,56950618,Eight.,268,Give something exist yard them.,47081284
118,81987757,Town.,159,Culture money grow big hard.,35468226
121,30321403,Worry.,168,Smile teach trade. Choice reduce happy.,42041634
124,11051626,Situation season.,276,Note information discussion here.,32813258
125,61715295,Must event.,425,Base card issue.,63319743
127,21032028,Program although.,360,Pass total at.,16356931
130,57748887,Practice product.,140,Coach stand day market course.,69686856
132,79537094,Me own.,496,Tonight administration learn amount control science second. Vote environment tax fly nice real.,01581300
133,76854477,Sound.,310,Contain possible forget bar.,63479997
134,40424712,Role.,279,Tree factor religious. Resource statement strong purpose black doctor.,21301056
137,99062026,Sign.,123,Enough type accept could.,89326565
139,47604988,Dream.,171,Sure open far investment husband all. Too edge exist teach.,91597946
144,75284725,Speech rise.,158,Imagine question everybody. Difference security hot at.,21671371
145,53443465,Keep sea.,431,Senior reach together poor often air.,75396374
146,84205957,Opportunity debate.,459,Ground business those article share customer yes more. Upon quality song culture reduce during.,44245757
147,43827725,Then thing.,138,Seek decide since grow.,86228190
148,74741786,As.,86,Here music simple have trouble your.,41133002
152,58583333,Shoulder.,363,Personal officer heart answer want daughter.,18727579
153,16781481,Pass.,119,Run thousand field suffer data wrong job build.,43864348
154,89417843,Keep source.,141,Law market attorney discover whom.,81859566
157,53926357,Reality he.,381,Development smile mother Democrat structure trial marriage.,99483081
158,53020727,Partner.,305,Close voice so air experience.,95489193
160,13507046,Street ever.,179,Issue wait political. Old product beautiful art join when boy relate.,83357763
161,94688108,Magazine guess.,382,Best effect economy. Must effort cultural.,32755862
165,55536097,Heart bag.,444,Five management open become physical. Present a certainly cup again back range.,49121506
166,49827019,Really decade.,73,None will hard important. Training nation player drop market.,26174389
167,44049959,Toward share.,374,Operation thousand yard least way new. Tough drop perform buy.,15867735
168,15036643,As.,442,Future but how third.,37585754
169,27831519,Person.,251,Across could Democrat onto hotel phone news nature. Position cultural nor director.,84752406
170,77036810,Against.,188,Reach policy how idea music.,70973600
173,90987915,Ready.,355,Skill street develop movie relate minute rule street. Process down result.,55094122
174,31340557,Follow back.,432,Interview strategy help director administration sport.,99587536
177,51209933,Parent region.,277,Turn yourself career enough time probably chance. Two huge line common full writer green.,86548885
178,95541587,Particular job.,398,History effort city.,38102967
179,28868804,Have.,223,Might condition grow soldier. Both learn son less trial country.,94315028
180,35731320,Magazine true.,93,Rule big such color effort.,07083075
181,21083341,Right standard.,328,Fly church manage security deep knowledge.,34550120
182,82280666,Spring.,394,End may official where until myself have. Sound magazine ball lose brother level must.,24439114
183,93805728,Pay southern.,183,Congress find fly north serve skill send traditional. Reveal teach difference system.,80816232
185,47999381,Cover cold.,241,Should campaign sit two drug less participant.,32324013
186,02401416,Big.,49,Son carry language receive eat music.,55599986
188,07032967,Low laugh.,356,Media news professional no.,58015278
191,86902076,Item.,254,Beat source up number.,00970464
192,92956445,Impact.,158,Bill suffer data size kitchen stage difference.,39600424
197,11313960,Out.,367,After until thus week two they compare. Speech join collection position social number.,74391608
199,77003454,Likely game.,108,Among civil appear player until television attention. Represent product degree learn mouth.,00819886
201,45677533,Both.,424,Return future marriage create second blood.,58514122
202,56248258,According.,99,Enter southern begin career.,12014163
204,69349522,Agree kitchen.,1,Tv word behavior decide.,50015542
207,80748731,Enter.,104,Situation view or.,02148526
208,50431625,Her.,167,Training bill seek long wall.,00220941
212,68761745,During.,286,Floor activity interview health forward push. Especially establish tree reflect experience four operation.,45256912
213,35460060,Together.,227,Rock language culture fine through month tax. Performance alone civil song.,52910234
214,34530054,Claim.,95,Top address kitchen how.,62422444
216,78825512,Life.,65,Hair get test rise other rock send body. Western pick amount important.,67153251
218,33224909,Hand.,159,Ability structure field hotel mission rate. Official radio few box.,92112773
219,46535719,Must.,335,Inside them range explain.,47496118
221,39045027,Large.,106,Difference certain major none often will three. None station likely left analysis how.,01860528
223,22457929,Media.,455,Soldier with letter fill church college. Range federal wish look hand bar whom such.,43505616
224,31307802,Point space.,108,Discover senior effect tough grow Democrat thought. Writer avoid especially strong.,21247507
225,99090210,South best.,59,Hope watch control should threat fact. Occur language power.,10879283
228,61817272,However third.,123,Find majority morning specific hard if.,45601378
229,21531354,After.,171,Whatever follow society thank institution seem green price. Rule political early fact.,87254570
235,64108766,Thing.,245,Board resource policy note word. Camera per property car finally person.,74042845
240,62962230,Bit less.,29,Federal agreement watch born alone. Where clear we action bar wall discover.,28816287
241,98635214,Adult.,15,Responsibility whom wrong apply put way. Again rate human arm realize important.,78152328
245,11882626,Trial sea.,349,Church itself lead line themselves. Trial wrong finally soon box energy north.,61670075
246,00645881,Half.,402,Recognize threat none leader. Budget hundred I space stay.,22750785
249,30621596,Provide science.,63,Leave range bar realize.,92587960
250,29664047,General too.,422,Understand media local popular hospital federal single.,76198113
251,44175719,Yes do.,431,Buy sister me head. Option tell art soldier.,52469909
252,01692761,Participant bed.,431,Focus business personal focus president none car.,85944138
257,05580620,Raise.,340,Student project real article product teacher.,59061229
260,96860823,Analysis determine.,164,Threat everything really check modern lawyer deep lay. Particular attack visit use agent ability animal less.,22869609
262,45065774,Contain across.,419,All reach exist first owner decide. Enter with much understand medical watch player.,52445576
263,07833748,Suddenly dream.,136,Role future indicate newspaper. Area top work rest reason study fine dinner.,82404611
266,33337944,Debate significant.,142,Network natural foot order another move whom.,79766968
268,02562698,Pressure.,153,Hear student west it game check daughter. Space outside fine.,79332828
270,68882884,During resource.,442,Area that player half out.,98697540
272,61491458,Happy easy.,76,Show game ever almost attack management. Forget to claim often account tough subject safe.,90386244
274,35799771,Score.,206,Wish of evidence four agency fly. Sit according occur hard treat.,55251471
275,24612654,Idea.,440,Example grow gun size state poor assume. Executive hotel plan pay determine human.,75052317
276,10261361,Son father.,374,Positive evening shake anything.,82388232
277,04972037,Bad give.,349,Approach between short pass leave. Focus finally training blue wife take.,59695493
284,64631936,Conference.,130,Agent year administration fly book tonight.,20659110
285,21450631,Cup.,125,Head it data chair yard page arrive under.,22000170
288,88669458,Throw.,10,Wish travel claim type big maintain.,74683277
290,44875688,Know attention.,165,Office evidence Democrat.,31338226
294,18101157,Safe science.,459,Above finally loss you from may treat. International memory five particularly.,60165190
297,84870476,Evening.,181,Memory trip artist least. Reach deep place we her physical.,89645468
298,87356694,Nothing.,381,Democrat require interview weight quite energy. Form school happen.,73791737
299,00465090,Actually.,61,Wonder what this majority trouble great. Environment base seat around.,69006852
301,13893019,End executive.,133,Card the sing office college someone.,72478905
304,70486063,Tree.,272,Out so president after but. Body night defense amount.,59488224
306,19162287,Think.,297,Up who night officer structure course.,01674903
308,43019083,Else.,15,Certainly per nor seek throughout seven lead build. Ok glass staff if song of some daughter.,54848542
310,88823164,Process.,146,Professional site size necessary perform season.,72825945
313,80200802,While better.,323,Crime activity note baby finish work.,35435686
314,47925243,Book fear.,452,Wrong know name significant important kid. Seven political nor million.,84337948
316,88769776,Can.,46,Debate describe you character. Soldier report him parent discuss husband TV.,98460069
319,65523995,Collection sit.,314,Per public they do. Run look sound dinner point range cause.,89331637
320,31489065,Education animal.,103,Happy reach go amount thus.,41989470
323,57055169,Include six.,158,Energy fly measure style beat. Kid far fight natural they staff score bar.,37787684
326,29424504,Send.,69,Near this individual agree become prove.,04306924
330,61654419,News probably.,293,Present heavy physical spring American create.,19486345
335,44497392,Determine act.,279,Offer understand edge. Consider down sometimes suddenly popular democratic.,99183783
337,37959784,Three tell.,18,Design gun economic fall. Spend cold itself.,47928480
339,31826853,Blood.,212,Tree who sometimes. Administration some series lead law partner.,88620459
340,58177372,Tell pull.,212,Serious want money store board put community.,39354372
342,68416928,Public visit.,140,Certainly message goal now grow you.,33591308
343,86358736,Low.,420,Seem usually near. Pressure authority free significant small.,11321163
346,28934950,Local.,380,Common onto raise whom bit. Could political never western.,30299801
349,33033440,Catch.,257,Prevent beyond much send sure.,40076966
350,95662565,Exactly audience.,334,Put green win tax plant letter. Culture near economic use sound.,38709302
351,06208660,Employee.,472,Draw play office answer.,42063582
353,73403630,Level.,385,Choice store yourself about good capital travel family.,08177797
355,61052185,Set.,125,Teacher around debate someone church commercial. If face traditional than listen increase.,93974905
357,05790142,Arrive side.,439,History smile contain media employee east base. Why four design support as send.,56086164
358,05214976,Hundred.,306,Actually wife assume its side modern page edge. Class me remain.,62562706
362,70203042,Low just.,84,Increase audience family camera for economy. Section enjoy home century doctor.,64854038
363,46867445,Imagine perhaps.,75,Color wide own phone.,61204171
364,66738008,Activity.,22,Paper risk voice statement.,64307718
366,97820567,Century.,76,Point edge son necessary. Provide want smile president.,95153797
368,82883591,Happy ball.,248,Opportunity eight never business room federal however.,28271826
369,55429313,Left.,231,Performance guess church head beat economic change. Article agree public record beautiful capital debate.,38321757
371,18346497,Really.,155,Entire leave idea month black perform role.,85623989
374,39204646,Across.,437,Mrs letter own speak water special. Market fast law huge growth total sure.,01990874
379,19311241,Air difference.,474,Newspaper administration ok class.,10010884
381,93478021,Agent.,415,Free number inside almost young but spring. Government cause direction involve form through.,04888345
385,90740442,Address across.,266,Process plant from. Office business out degree character.,11688228
387,34959251,Information.,285,Go such check world medical.,68815400
388,81060863,Old service.,3,Financial lose way game lose.,11667018
390,30092563,About.,108,Part yet herself matter. Back report own free themselves visit a.,91626745
391,08142832,Break.,296,Continue industry treat soldier. Who talk sit hundred run she.,27282977
394,21591396,Catch.,241,Deal political list difficult story when.,38730801
396,63917185,Arrive if.,25,Claim industry direction.,94483642
397,93399944,Hard.,315,Hard word international bank. Since when trade only bring.,89955055
400,78391369,Than seat.,72,Box political laugh. Visit half pretty thousand.,31225793
402,55109277,Run too.,63,Score thus man fire natural only.,80764663
408,46940193,Long.,39,Spend war offer sure size magazine throw. Special this a PM together return.,82760403
409,99492557,Decision lay.,302,Source find public couple. Old two sort who.,32977776
411,43277353,Quite.,288,Sound star cell cold line know teach door.,98324828
412,41020685,Someone this.,319,Talk wear seat believe face teacher explain. Full take return no seem.,64300078
413,12826919,Lead.,92,Pay cell result upon any pattern today lose. Today travel woman throughout which.,69181856
416,43930494,Ago.,367,Official per blood wonder reveal character despite. Season today great education spend.,86552868
418,90366628,Very she.,331,Mrs middle talk cultural else position for. Sit choose enter social.,97952282
421,75433406,Build mouth.,340,Scene order evidence expert gun open ask.,16532939
424,37383350,Far.,33,Season stand grow social thank leader behind. Why concern test worry.,28332176
429,80224068,How amount.,222,Because use letter past from able. Green especially usually too natural concern some population.,54983496
431,97905677,Mention.,447,Employee significant place.,28580317
432,42092919,Democrat.,261,Table test prepare subject bank half.,33030494
436,74485086,Let.,5,Doctor upon small however say seem. Deal again trial help generation second together.,00670197
437,08512352,Mean return.,323,Blood weight economy green think.,09278097
438,82443245,Could.,242,Past trial there less reduce wind mind.,89238592
439,18932355,Have option.,125,Fast cultural professor check hospital.,95233963
440,02541051,Believe.,418,Need hot field decision music. Everyone however popular scene unit member up behavior.,59659723
442,43360314,Red fast.,289,Enjoy oil common help away hit.,37582081
443,69392207,Training eight.,443,Word down against across. Billion upon decision ask poor out necessary.,72968802
445,09408265,Fish above.,319,Detail more wait project before husband research.,12901760
446,18043112,Might.,384,Visit capital kind house speak produce remain. Trip full right perform eight.,03266748
452,10755945,Possible clear.,87,Among different service heart doctor.,75406271
453,09459441,Program series.,83,Home right reduce boy friend. Huge lay study fact political.,34214695
455,53593856,Two make.,179,Five late boy.,89174531
457,75454777,Power.,71,Sit party five.,37657796
460,92203105,Possible.,24,Much by player decade attack recent anything.,13408695
462,60245021,Series series.,114,If team action hair feeling three. Recognize participant matter state.,71514741
464,20414221,Do.,237,Network factor media same compare manage. Soon foreign represent smile.,96160794
465,99370763,Few family.,467,Herself clearly since between. Up wide again indicate military.,59289432
467,76035258,Prepare member.,447,Catch physical moment time medical data indeed. For word them issue strategy major.,47998681
469,77642004,Specific.,420,Great seven push within.,54320123
471,89454459,Project different.,303,Approach produce organization commercial fly. Discover million stock let each.,67409020
473,52033438,Lead themselves.,383,Tax strategy recent question production. Religious store include care instead these image through.,59502845
479,94220520,Sort offer.,218,History raise control begin star effect positive. Cost impact statement quickly pretty science notice office.,21757525
480,41859803,Degree each.,480,Should offer where learn. Suddenly assume visit fund their tend.,23917675
481,28517214,Cup.,271,Similar wish coach friend perform notice. Soldier agency suddenly design man much.,76975202
482,37772369,Bill.,371,Would me finally difficult into factor continue. Water number might work walk.,75869755
483,90602474,Body standard.,33,Start marriage adult at present.,21328480
484,40418551,Table pick.,235,Mean first picture girl ball reason listen.,23891036
486,79868754,End number.,469,Piece coach source town woman quality miss.,07931673
487,90878374,Agency guy.,330,Make play parent leg yard material economic. Per radio between.,78211599
488,45855047,Wide answer.,165,There business character oil Mrs southern. Theory across blood guess western task.,73026617
489,84722355,Away.,385,Thought follow before mean.,86910958
490,66771067,Guess company.,198,Cover read season type senior star. Well bed owner rest.,39095220
492,76406683,Different.,392,If method middle since per.,21690730
493,03046982,Wait Mrs.,436,Girl century money any model.,67877799
494,25033557,Eight activity.,210,Place find character federal ago.,21328688
496,56395983,Reflect commercial.,290,Send produce reduce.,80322566
500,86667388,Window interesting.,218,Imagine edge she including risk cold.,44004798
501,20710941,Week apply.,40,Fund low job will myself style keep black. Oil boy wrong.,49896176
502,75502997,Deal event.,466,Must between to room.,61222403
506,84269188,Trouble ten.,60,Training consumer plant.,88960371
507,74686698,Answer win.,339,Option audience camera identify could meet cause. Question contain book order.,16298163
508,80954279,Truth.,251,Bar light situation finally. Morning TV according computer name reveal.,81687879
509,80004615,New red.,244,Fish that expect voice practice thing. Turn speak wide accept thank relate.,47296169
510,03966655,Fish.,161,Who until rock young. Among mind result southern several follow less.,27392119
515,10554517,Call.,115,Debate themselves Mrs long statement. Per somebody fall account new camera.,77655127
516,41039342,For loss.,204,Kid property position.,78059245
517,42623557,Family cover.,165,Become best think over.,71726526
518,09922839,Say.,179,Baby another under whom able. Together later everyone.,15311566
520,15791801,Focus they.,202,Yet environment prove health action.,59376842
522,86406383,Box approach.,253,Responsibility talk across worker conference. Hand position which answer.,87950717
523,26688091,According.,401,Them gun minute most career such fill.,51584245
524,64982786,Chair.,332,Half management against way wish Democrat.,75792053
525,62212519,Admit.,14,Receive term each particular election race world. Service brother wish player.,21722516
527,10633137,Thousand career.,123,Something human six catch or everyone level oil.,96231166
530,14416996,Painting sell.,288,Current they paper these. Word pass need truth.,28106593
532,52052675,Civil.,64,Method dinner instead car learn success team already.,42066255
534,76285967,Something.,100,Final put material time key.,83172472
537,81971268,Direction if.,113,Hundred carry little sister school.,10153987
538,16375734,Still.,89,Democratic it high usually cell because. Southern itself allow throw strategy.,95802435
541,90222382,Crime rather.,249,Civil medical cold whole program yes politics.,41108277
546,43647507,Official maybe.,443,Concern cost single power once.,98589913
547,38204944,Person.,367,Door statement finish human enough north.,47424463
550,33375724,Candidate run.,43,Scene arrive hear near son Congress nature do. Start couple natural team woman.,08670144
553,54371866,Mean.,204,Check chance low they late others final try.,54993235
554,56665659,Maybe arrive.,52,Choose and head ten. Nation beyond economic how.,70122886
555,07769160,Air ground.,343,Eat fly office door will accept specific crime.,82279011
556,21715396,Role.,232,Crime memory nice result national.,72820049
558,41633366,Often them.,446,Save cut pass action.,20618353
560,24796408,Book best.,378,Protect between money hope. Actually nearly drug most present himself simply cold.,89132586
561,97943167,Behavior.,406,Local for kid important determine check. Player city short individual debate after bad.,69968624
562,60582157,His.,24,How throw letter nor.,51024680
565,56189360,Early.,379,American floor bit continue. Admit song treatment stock probably alone trouble.,90443107
567,49111828,Always.,124,For sport brother gun Republican expect check. Soon quality sit ready issue other.,54971936
568,66044673,Tax ability.,195,Accept program compare.,44737412
569,96095751,Want.,294,Our turn order always.,74235339
570,68977276,Front.,225,Model agent main throw police. Somebody hour despite hold scene describe.,60951960
571,57807416,Itself.,198,Require strategy mission.,02311425
573,31658102,Themselves.,52,Maintain himself tough station.,28096634
575,99636524,Out debate.,222,Five him glass decision my. Rather say theory establish director present customer.,17328654
577,86170338,Move.,83,Thank life bar other wish light prove.,74526024
579,62944137,Clear line.,185,Group growth science street child.,58703403
585,24389648,Picture program.,391,Reflect win watch include might.,82653828
587,81031979,Country.,230,Tough back from few.,13315634
588,37534899,Life.,380,Benefit save role war seven summer full above.,89822951
591,44190927,Girl about.,194,Other choice coach gun. Interest right eight.,49985450
593,28766414,Serve travel.,200,Everything none always name. I use unit low.,33047997
594,20160890,Mission.,83,Hear product teach born growth. Teacher last pattern foot policy about.,32187984
595,23399990,Detail.,105,Continue would majority believe summer off half. Strong case yeah increase.,89599884
600,59994466,Somebody stock.,294,Another think nearly onto. What glass politics per.,59747888
601,14973604,Attorney health.,70,Vote prove develop nearly admit language exactly. Edge treatment unit skin.,05270668
603,88176222,Interview.,168,Suddenly cup time kid too. Prove individual hotel professional development outside beat event.,44995423
608,02115665,Police century.,67,Get court far tonight leave treat.,95708409
609,03214596,Mission.,317,Nice quite summer source young.,08826374
610,18070514,For.,86,Page voice policy level federal build. Bed imagine always.,01803853
612,65077771,Concern up.,420,First walk they able. Heavy treat those drug success world some piece.,92706187
614,72259917,Stay whose.,425,Find focus work type. Society couple half.,21386510
616,61822177,Identify likely.,427,Station four put out lawyer standard set.,20753511
619,47054059,Nothing fight.,101,Window message economic office break seat. Car century recognize size.,29118106
622,24744799,More.,198,Ago writer high pick little. High no much film place.,57013282
623,28803737,Hold music.,330,Who ever little.,93120975
625,47921740,Quite.,339,Increase fall perhaps north half per form. Water trip member understand for same baby.,83482502
626,70246063,Like offer.,349,Somebody bag create claim money.,39930231
631,35282167,Space.,106,Several quickly health nation will.,43490028
633,49031744,Effort.,6,Skill play bit court part continue.,77473974
637,35418856,Discuss.,456,Even exist interesting chair animal.,16820005
638,62843829,Indeed.,360,Six available sure TV religious friend. The daughter I stay.,59497905
639,52664434,Tend.,329,Small interest clearly still mother behavior alone him. Black parent minute knowledge cut forget shake.,79833066
640,37385194,Available common.,320,Watch woman shoulder culture him history music act.,18896411
641,28248712,Study a.,288,Executive day enough its economy sea. Several benefit company particular buy rate.,51960315
643,84785701,Defense.,84,Fear send many travel.,65962787
645,80786115,Entire.,168,Easy special where fall leg on school view. Leave really five do.,55981606
647,22269751,Can.,369,Onto child computer road policy.,02448787
649,32079593,Among.,38,Training born skill her yeah provide send. Still news human skill strong.,52716683
650,55346689,Visit several.,118,Down federal mention.,30926059
651,11312864,Take consider.,110,Carry consider group record report. Wrong very hear move.,50003372
652,55870603,Commercial.,351,By minute age turn floor.,84004574
653,31789684,Simple nearly.,145,Care number glass man front season air.,13912260
654,80964803,Add miss.,268,Black stay still day card sometimes window sometimes. Exactly radio wife away produce hard something.,05370535
655,77022356,Parent.,242,Area thing figure safe. Small color easy.,43219858
656,17449465,Name.,463,Truth either rest.,23354418
660,15643742,Five.,447,Edge part candidate have. List time citizen dog.,94809916
661,41074466,Care.,301,Trouble direction economic store back assume. Later admit history positive.,02436326
664,13275075,Senior president.,70,Especially standard church particular door. Many anything maintain yet.,08960597
665,54298859,Loss back.,285,Shake agree woman onto late. Almost develop put prepare.,29041022
666,97738688,Card.,391,Fire couple itself expert enough try.,25833621
668,70131413,Make product.,72,Moment commercial become especially value whose.,93568807
669,15092724,Serious.,56,Team religious modern three hit laugh off. Media or life film majority group bit research.,71584287
671,23302013,Task.,191,Car such grow vote.,47882560
672,65476239,Policy.,88,Sea couple ground late. Discussion billion positive rich simple design side.,71462714
674,40065731,Baby.,316,Television style enough one new moment dream. Fight and claim trade.,93026567
675,09288362,Deal money.,404,News phone range here. Couple even exist choose rich loss white.,09034495
676,16248427,Well.,383,Capital actually reality scene wear.,64353555
678,36031658,Expert different.,94,Majority management five shake or Democrat difficult work.,87633184
679,87906400,Beyond language.,330,Community nice view phone model. Free upon like left realize no race it.,83787874
680,47154902,Question poor.,287,Interest almost perform ask amount onto. Take same final west city front.,24317252
681,48114240,Community.,209,Work relate take theory.,87938876
686,31214285,Maintain.,444,Owner point now account social century.,82032074
688,29564613,Yard water.,334,Husband five charge today generation. Your food expert.,11079750
689,20132576,Decision to.,203,Include save act general trial. Bill hospital dream democratic.,76344626
690,34015889,Style reveal.,154,Theory international technology box nice hand risk.,60951625
692,64256894,Audience.,393,Nation ability best purpose yourself subject treatment movement. Couple opportunity join camera receive.,44255701
695,20323264,Piece.,453,Probably reason some use radio however final us. West early on yes force far finally.,36055227
696,02182803,Effect eight.,322,Former fill race. First fish know thing.,46786173
698,16826601,Officer behind.,262,Yourself artist station address away.,48679190
700,14090493,Energy hand.,491,Religious day garden effect surface whatever race difference.,83910555
703,64711416,Market.,299,Performance seven song still community.,37798338
704,85677654,This leave.,342,Radio act nor.,34500491
707,90836671,Imagine security.,105,Who article stop respond me hand reason purpose.,82274849
708,25865707,Similar set.,46,Care treatment street professional ability something.,81172238
709,31254076,Music.,8,Set law dog them institution stage save.,21877629
710,20880118,Field.,71,Future amount what.,05610822
712,77510433,Popular.,420,Quickly century alone.,88319100
715,26116044,Power.,158,Discussion top late.,31140188
718,85926141,Property.,81,Eye which experience none design spend.,19242224
720,10362280,Standard.,340,Without talk resource both way candidate support.,28167693
725,14787331,Present according.,229,Actually necessary arrive.,44428259
726,95593289,Street because.,389,Series ago some over a care lose. Affect city when huge know exist either.,52349164
728,30690264,Tough effort.,264,Professional serious short system mission. Lay serve return late design inside.,38730016
730,10726921,Really.,136,Would their prepare. Lose maybe explain yourself much.,58623268
732,88861487,Whose.,201,Current little event.,18732764
733,36905898,Style hit.,32,Common own several difficult protect should skin sit. Oil happen time hope.,86373098
736,98011117,Show member.,288,Fall everybody ten couple.,42942665
737,48394161,Popular.,293,Check quite rest sign offer ten anyone. Sport another school issue meeting question region.,84131690
741,35280989,Reach.,460,Arrive choice there body week operation help.,70506075
743,30035478,Book according.,465,Treatment buy building production miss. Never sound impact behind.,38997570
744,07968839,Keep modern.,148,Modern board off. Traditional increase possible wall true somebody.,02225623
748,67835478,Man else.,347,Six smile ahead compare country relationship. Most body agency happy.,68668204
749,94883213,Approach politics.,69,Treat family contain fish book.,85126107
750,80013631,Discuss meet.,300,Floor figure fall each.,02630533
752,78156692,Election.,397,Accept too per development. Maintain out matter pattern.,69235399
755,64017778,New.,249,Daughter behavior traditional fill mother these subject.,44157098
757,62099622,Himself town.,427,True sense side goal draw. Top check throughout.,56372694
759,43363643,Impact wonder.,423,Pressure professor father reason. High continue modern much situation tax law draw.,17641333
760,97003083,Good.,220,Walk treatment knowledge growth it.,04758501
764,30509498,Want.,498,Significant push window offer director.,87618839
766,21528002,Health director.,484,Expect public fear environmental should good.,74072446
767,01053753,Floor lose.,305,Another mean around music owner.,57280677
768,77163486,Involve.,386,Place number season many.,70989632
769,08380081,Cause.,446,Type image pattern clear major rather.,49296099
776,31894449,Instead trip.,275,Get city computer hear.,69043208
777,62297981,Capital.,483,Positive in media and near democratic.,14527951
778,96614082,Open.,379,Up light class child certain avoid person.,74013340
779,55445382,Under person.,189,Party development American fall.,29780648
782,45221354,Today.,408,Catch similar teach light south.,37187163
784,97490791,Career how.,228,But daughter or recognize pattern long claim.,43536481
785,44065348,Theory experience.,473,Control whose not me. Study be form need significant capital occur.,37263195
786,32379495,Southern.,424,Around report education it mean.,41678763
788,99491635,Simple.,447,Know effect fall involve offer behavior stuff.,94542554
789,65670705,Choose process.,133,Again soldier girl rather fear. Others huge model three.,00396516
791,14607554,Maintain.,274,Friend should cost.,79496674
793,23763364,Prove.,112,Mother begin address college actually commercial series station.,93367974
797,99369163,Different or.,226,Receive site half.,72705254
799,21540837,North.,328,Sense wrong real baby.,63532913
803,73656746,Plant.,265,Group with continue just when executive box.,65071670
804,74125722,Early.,363,Truth them production low operation. Poor foot way face money decision.,97222774
807,01693218,Answer.,113,Close break research sign. Employee top wrong responsibility college war.,50450077
810,21519963,Ever.,390,Hot eat interest never.,29582921
817,17406468,Question.,5,Live at source story dream life stuff.,07277375
820,69343650,Economic.,254,Challenge article head with.,07386824
822,36859078,Top view.,64,Trouble return sound listen onto and visit. And artist for whether.,86822671
824,34373521,Understand computer.,157,Continue should door since clear explain. Response expect and model crime pull risk would.,75354688
825,17822367,Child deep.,298,Effect building rule fall ever. Think yet determine task reality take position cover.,96817285
826,78529953,Modern.,186,Mr Mrs and short.,59512356
827,47237421,Environment.,440,Production lawyer small read team provide. Also reality bank push guy sure.,31409087
828,54229112,And.,496,Very station subject. But sport work own always.,24387149
833,51939939,Agree.,36,Place job find operation choose.,43641185
834,47596788,Professor per.,62,Involve enough film source. Media officer white executive important level.,28750062
835,20379179,Necessary.,433,Whatever option serious skill weight.,49246346
837,83225376,Nearly event.,55,Think think property firm away apply treatment later.,90420290
840,13312596,Never bar.,276,Office place many yourself skill strong. Exist number most serious movement if place.,56810288
845,57424200,Affect.,415,Most action million always yes go.,13270728
846,97966838,View.,137,Report whom machine Congress outside cover attention.,70612424
847,09170421,Word two.,95,Station more admit pay high. Pick raise deep kind matter writer.,77622327
848,03574485,Teacher.,164,Once bar pass final.,41516669
849,72876558,Pull also.,118,Education bag million minute various. Lot night write.,31478618
851,67720187,Small.,473,Whom large push sell trouble thing.,59419150
853,57470184,Service offer.,287,Close exactly walk actually. Different foot laugh apply relate energy lot.,78517622
856,48627696,Eye but.,252,Stand head alone sign drive other. Alone travel economic rest cultural.,29251988
857,79361330,Public him.,446,Because exist position.,12293889
859,81407637,Prevent.,104,Project most clear or term.,67875177
861,15163240,Offer full.,138,Middle event right seat economic administration west.,87003680
863,92319172,Anyone.,369,Institution rather citizen anything soldier people. Firm fear law animal.,89085509
866,32140934,Stop power.,271,Later process rule financial.,16333048
873,57962924,Require foreign.,457,Lose strong newspaper ten. Finally general economy lot consumer themselves.,13834609
874,11791836,Worry.,380,Like difference little we soldier. Event organization boy choice still discover night.,03262863
875,10499603,Security itself.,152,Message or unit scene realize.,29377350
876,83504112,Into social.,456,Particular form positive unit star. Serve building people seven put.,80986386
877,29412594,Peace.,240,Million reason cover music and.,01646214
880,05011339,Attorney teacher.,87,Cut child heart opportunity itself population. Reflect PM place tend.,53581761
883,38092343,Animal.,293,Mission want mind than back result final. Remember five item office.,97441878
884,13509033,Nothing.,233,Nearly enjoy career note.,09975491
886,09496446,Issue.,181,Represent floor fill its.,18340730
888,46760944,Next four.,81,Whole north yard.,18083972
891,17537735,At generation.,17,Way myself account personal.,86787086
892,72508244,Miss.,107,Himself recognize religious woman. Husband behavior possible none memory Republican clear give.,33884004
895,62828314,Decide high.,373,Opportunity lead anyone. Political enter line firm its maybe wear.,62966313
896,24541084,Develop to.,83,Shoulder administration we business. Couple something community computer baby cup boy.,18154610
897,87064506,Develop.,329,Response keep enough check. Gun executive believe make.,63893250
901,94110593,Deep already.,324,Success fire summer effort card. Test raise paper deal.,60850256
902,32997132,Under.,429,Think site carry court community before. Major statement around audience after between present.,18831153
906,93737678,Nature.,141,Television opportunity past team speech. Could reveal education international.,67572687
909,02465838,Science.,390,Allow remain discussion fly other figure animal.,80573319
911,39028105,Record.,313,Dog security example TV all.,23429291
914,69780066,Catch.,308,Design likely unit war avoid.,56888461
915,06698379,Data.,461,Source air fire her already represent theory.,21458750
916,22944269,It again.,337,Those despite southern military despite.,75647766
918,81183166,Financial card.,156,Think everyone send.,93964807
921,18513387,Hospital often.,259,Director per time clear.,97937821
923,55113205,Short painting.,56,Majority at seat stage commercial natural.,42887003
925,79970174,Develop.,438,Me woman color among news.,29829828
926,82600600,Bed after.,432,Determine every ten company low sea try will. Charge husband tell mission.,89773307
927,51956646,Nearly interesting.,423,Pick others face imagine.,04812449
928,58393895,Always use.,448,Decision picture glass very election reduce just.,43575510
930,70329988,Assume.,225,Because activity walk black ever she already.,56926743
931,61680364,Soldier hear.,372,Citizen challenge question. Almost care campaign wish at.,57320946
933,70937213,Ask information.,486,Class both they less on war mouth. Open alone now agreement need.,18943733
934,37895686,Animal.,440,Newspaper with fish floor space system operation. Standard effect center concern.,17307000
936,50782666,Voice whole.,428,Professional door open right involve government.,53775627
938,57184944,Senior finally.,341,Although wait well within cause father once. Once continue front year board production.,64199177
939,04662327,Remain.,24,Expert everybody five involve great behavior other. Forget well despite bad college record six finish.,60457325
940,53001863,Top dinner.,148,Property day leg series describe management avoid.,64756363
946,57046532,Amount answer.,363,Evening each know girl clearly sort capital.,04082569
948,06473396,Subject participant.,216,Training together entire agree mother especially.,40056227
950,80914167,Indicate.,210,Small home style improve should model among.,31678636
951,29895007,Just behind.,21,Kitchen investment with carry. After after tell important vote star.,53584441
952,70824285,Coach.,325,Financial expert hold head. Indeed above turn many.,56027174
953,70795592,Strong necessary.,364,Include soon morning method various white.,86478960
954,17373555,Development summer.,427,Drug realize ask scientist include should your someone. Beat bar rich good ago son seem.,46363244
955,19083155,Indicate might.,213,To number type guess analysis appear. Space scene name drug good.,31823241
958,77129222,Full.,306,Agency statement air gas. Prepare traditional partner interesting skill.,14227257
960,69663345,Charge know.,211,Mind company expert miss this no ability power. Happen oil especially.,55220149
961,24783231,Teach.,363,This television child write impact environmental.,81578221
963,94609400,In.,63,Computer a guess. Consider nice machine result Republican.,86384773
966,55250290,Experience number.,2,Year including matter send perhaps light agree cost. Represent decision theory phone involve fast success market.,63299304
968,17584135,Program.,405,Seek guess recognize out. Report last easy day imagine other argue whether.,47337343
972,58931516,Bed.,207,Ten method four relationship.,65873939
973,79489775,Investment.,76,While as so type throw.,78836273
977,10780480,I.,70,Coach law effect throw company nature. Must seek represent week society read.,82227531
978,93789615,World everybody.,31,Point affect director compare likely.,97860792
981,53463357,Artist system.,82,Past street peace writer box five Congress same. Vote discussion without site cold appear fight change.,23993846
985,20959517,Republican among.,364,Poor special stage minute cold coach but.,00159708
989,70181814,Data month.,278,Religious station test main. Key foot truth thank her Mrs.,82328375
990,95175065,Manager story.,278,Act present more.,23503786
991,22464958,Sound.,353,Feeling moment raise dog person.,02989099
992,63157505,Technology a.,68,Get follow window how.,55590617
993,98478866,Score.,381,Style security consumer national a.,57471815
994,03935743,Buy.,238,Another ever south of hour business. Doctor quite family site hour sort manager.,30466029
995,16293540,Other computer.,18,Ahead take certainly surface behind news.,55606912
