    ,account_ID,Account_fname,Account_lname,Email,Account_type
0,55864558,Matthew,Henderson,belindameyer@gmail.com,B
1,17066693,Kristin,Suarez,umendez@hotmail.com,S
2,54632950,Holly,Hoffman,laurahurley@wiggins-richard.com,B
3,78927490,Shawn,Kim,bmartinez@hotmail.com,B
4,64027968,Brittany,Wilson,christina15@yahoo.com,B
5,20943134,James,Grant,reynoldsbrandi@yahoo.com,B
6,12171682,Jeffrey,White,kathy81@gmail.com,B
7,57200729,Stephen,Hernandez,kimberly11@hernandez.net,B
8,79370424,Jill,Hernandez,adam92@green.com,B
9,95096179,Stephanie,Tate,terrencerobinson@morrow.com,S
10,95954547,William,Young,sarahhill@gmail.com,S
11,07126413,Nicole,Williams,isabelanderson@hotmail.com,S
12,12709786,Jose,Rivera,landersen@gmail.com,S
13,42134701,Deborah,Chandler,smithalicia@henderson-morgan.com,S
14,67769186,Troy,Lewis,jacksonnicole@yahoo.com,B
15,64641409,Steve,Mendoza,trevorlucas@hotmail.com,S
16,53359612,Christina,Mueller,tamiscott@thompson-blair.com,S
17,62695763,Justin,Nelson,kennethhanson@ruiz.info,S
18,39052605,Wendy,May,william56@smith-ware.biz,S
19,62954532,Kim,Watts,garciasusan@smith.com,B
20,80046561,Michael,Hobbs,wkerr@yahoo.com,S
21,88367453,Teresa,Smith,alexreyes@yahoo.com,S
22,46235077,Kathryn,Taylor,browndana@anderson.com,B
23,02898063,Amber,Thomas,hwarren@odom.com,S
24,89747742,Dylan,Lara,sarahall@gmail.com,B
25,07077845,Jeffrey,Powers,michaelreed@owen.net,S
26,28233930,Robert,Jones,maria21@hotmail.com,B
27,25218084,Robert,Estes,trevor60@hotmail.com,B
28,05935819,Matthew,Ortiz,madisonwilliams@saunders.com,S
29,38539305,Richard,Smith,jesseschultz@yahoo.com,B
30,18599169,Katie,Peck,qholland@hotmail.com,S
31,64128238,Cindy,Rivas,martinpage@hotmail.com,B
32,94177954,Tammy,Kelly,justinbeck@wilcox.com,S
33,59467540,David,Santos,shortrachel@yahoo.com,S
34,05007448,Susan,Cruz,gwalker@yahoo.com,B
35,28410294,Carolyn,Anthony,kristy25@perry.biz,B
36,97889205,Lacey,Davis,esalazar@hotmail.com,S
37,03308691,Linda,Williams,ricardo30@schmitt.com,S
38,99114787,Brandy,Goodman,nkelley@gmail.com,B
39,47252820,Gina,Yang,adamstrevor@donovan-james.biz,B
40,70949933,Olivia,Jackson,barrettrobert@yahoo.com,B
41,10881187,Michael,Delgado,kathybraun@campbell.net,S
42,62301251,Cheryl,Price,kimberly69@yahoo.com,B
43,35042259,Grant,Ferguson,josephjensen@gmail.com,S
44,56872538,Gary,Mcintyre,logan68@hotmail.com,S
45,23194571,Mandy,Russell,linda46@gmail.com,S
46,57593937,Erin,Weeks,icoleman@gmail.com,S
47,75314583,Stacey,Mcbride,simpsonpatrick@yahoo.com,S
48,35649434,Cory,Clark,vthomas@yahoo.com,B
49,78621268,Michael,Dominguez,elizabeth75@rice-brown.com,B
50,82779801,Stephanie,Kline,eric86@king-taylor.com,S
51,24126663,Patricia,Hodge,mrubio@yahoo.com,S
52,63371963,Brandon,Gomez,jeremyklein@hotmail.com,B
53,24527576,Jennifer,Patrick,kbartlett@grant-booth.net,S
54,68591120,Michael,Smith,campbelljohn@gmail.com,S
55,27005200,Elizabeth,Ball,brittanyeverett@jackson-mendez.net,S
56,16772250,Michael,Cruz,wchavez@gmail.com,B
57,32749632,Jerry,Santiago,andrew33@day.com,S
58,51827410,Andrew,Owens,michaelevans@gray.com,B
59,34006368,Marissa,Moore,joseph72@yang.com,B
60,28379478,David,Stein,riceadam@yahoo.com,S
61,84709608,Linda,Nguyen,csnyder@patterson-kennedy.com,B
62,49840391,Natalie,Martinez,dariusjenkins@yahoo.com,S
63,20291747,Andrew,Cunningham,nancy10@yahoo.com,S
64,30154377,Christine,Ayala,cwilson@gmail.com,S
65,00887915,Thomas,Stevenson,kristin86@scott.com,S
66,40598581,Amy,Mccarthy,williamssamantha@hinton-jackson.com,S
67,83381270,Jennifer,White,wilsonmichael@gmail.com,B
68,77648082,Jerry,Flores,dgalvan@hotmail.com,S
69,91270610,John,Garrett,idavila@hotmail.com,S
70,13967062,Stacy,Burns,mariebrennan@cummings.com,B
71,15316356,Jeanette,Joseph,andersonnicholas@caldwell-roach.info,B
72,70785289,Chad,Wilson,abigailfoley@yahoo.com,B
73,75378950,Kathy,Bailey,shelleychambers@mullins.biz,B
74,12397204,Michael,Smith,jonesluke@clark.net,B
75,26267753,Jerry,Harris,woodssuzanne@hotmail.com,S
76,33079226,Jessica,Gaines,ewilliams@warren-jones.biz,B
77,69609084,Amanda,Tyler,denisethompson@smith.com,S
78,10979723,Gregory,Jordan,travisflores@henderson.com,S
79,41986561,Benjamin,Mccarthy,cestrada@hotmail.com,B
80,86522106,Emily,Alexander,ashley81@yahoo.com,B
81,45390876,Sarah,Garcia,brandon78@gardner.com,B
82,65370384,Ashley,Hamilton,jeremy99@gmail.com,S
83,84538987,Dale,Marshall,jenniferlopez@reynolds.net,S
84,59587385,Jared,Wiggins,wulindsey@hotmail.com,B
85,12615407,Rodney,Mcintosh,marisarodriguez@mccann-tucker.com,B
86,20092764,Amy,Webb,yvonnestone@stewart-davidson.com,S
87,90044441,Sheri,Fuentes,cholt@hotmail.com,S
88,59026440,Melody,Smith,bryantrichard@stewart-collier.net,S
89,05563784,Denise,Martinez,bentleyjane@hotmail.com,S
90,05344956,Stephanie,Flores,mhuff@williams.biz,S
91,66578888,Michelle,Jennings,nicole68@ibarra.com,S
92,56066005,Manuel,Boyd,margaret52@murphy.com,S
93,63270532,Michelle,Everett,ktodd@whitaker.info,B
94,25980066,Marc,King,lambertray@chan.com,S
95,59283546,Francisco,Pollard,hatfieldtim@gallegos.com,B
96,54736252,James,Kramer,eileenpollard@carroll-gross.biz,S
97,04018926,Robert,Mcgee,torresamy@gmail.com,S
98,49519372,Albert,Hull,kimsmith@gmail.com,B
99,09042384,Alicia,Brown,sjones@coleman.org,S
100,92934405,Tim,Perry,amclean@hotmail.com,B
101,09521650,Sheena,Cooper,hwilson@yahoo.com,S
102,69415784,John,Spencer,dlittle@wright.com,S
103,70249170,Craig,Copeland,daniel07@yahoo.com,S
104,96031650,Sarah,Clark,nsparks@hotmail.com,S
105,46231284,Julie,Rogers,mark13@rodgers-smith.com,B
106,06352301,Susan,Robbins,georgewatson@smith.biz,S
107,91705037,Emily,Smith,sandra21@gmail.com,B
108,64926902,Jenny,Alvarez,cassidy37@young.com,B
109,78539693,Daniel,Juarez,gina28@gmail.com,B
110,76814136,Alicia,Richmond,grantjulie@russell.biz,S
111,52488085,Brianna,Palmer,gtaylor@yahoo.com,B
112,85959552,Angela,Franco,beckeramber@lopez.com,S
113,28424741,Vanessa,Chan,yanderson@campbell-morris.info,S
114,67907434,Jeff,Harper,ktaylor@gmail.com,S
115,03568392,Kevin,Mckinney,irodriguez@richards.com,S
116,47081284,Jessica,Carrillo,hamptondanielle@dominguez-carpenter.net,S
117,76376962,William,Key,thompsonamy@yahoo.com,B
118,35468226,Yolanda,Love,nlyons@gmail.com,S
119,34246283,Kerri,Williams,james12@young-white.com,B
120,18695922,James,Kennedy,svillarreal@hotmail.com,B
121,42041634,Keith,Russell,josephmadden@yahoo.com,S
122,78046870,Anita,Hood,thughes@miller-weber.com,B
123,44972677,Kenneth,Thompson,omiller@hotmail.com,B
124,32813258,Rodney,Morse,mckenzie43@gmail.com,S
125,63319743,Danielle,Bridges,danielwhite@barrera-leblanc.info,S
126,66414377,Nancy,Gomez,lucerotim@hotmail.com,B
127,16356931,James,Owens,gwhite@gmail.com,S
128,64246574,Amber,Humphrey,gregorycassandra@torres.org,B
129,85119734,Lisa,Carroll,ywilkerson@gmail.com,B
130,69686856,Christopher,Kelly,fbarnett@weaver-hancock.info,S
131,62267366,Erin,Gould,btrujillo@perez-johnson.net,B
132,01581300,Destiny,Collins,melaniecook@hunt.net,S
133,63479997,Brandon,Conley,michael60@spencer-martinez.com,S
134,21301056,Patrick,Kim,mallory51@gmail.com,S
135,99876654,Ethan,Hogan,annaholt@cobb.info,B
136,59861928,Michelle,Marshall,misty45@griffith-wagner.com,B
137,89326565,Jamie,Carroll,alvarezmisty@perez-mcneil.com,S
138,63138504,Travis,Murillo,jodonnell@gmail.com,B
139,91597946,Charles,Barker,ericabooker@smith.com,S
140,70710137,Christopher,Keller,dwhite@gmail.com,B
141,37883379,Michelle,Lamb,lesliegarcia@hotmail.com,B
142,65426234,Meghan,Aguilar,conleyscott@yahoo.com,B
143,56896435,Lisa,Bray,vanessa84@gross-savage.com,B
144,21671371,Donald,Morris,nicolefarmer@grant-ortega.org,S
145,75396374,Stephen,Bradley,michaelcalderon@gmail.com,S
146,44245757,Tina,Stone,jayhunter@hotmail.com,S
147,86228190,Mary,Campbell,rwest@hotmail.com,S
148,41133002,Kimberly,Moreno,adriangarcia@wilson-james.info,S
149,66180050,Taylor,Mendoza,tiffany94@yahoo.com,B
150,77111715,Lisa,Reeves,tjohnson@yahoo.com,B
151,21783746,Stephanie,Bautista,jacquelinecarlson@hotmail.com,B
152,18727579,John,Tucker,victorhoffman@hotmail.com,S
153,43864348,Sandra,Perez,reginaporter@hotmail.com,S
154,81859566,Thomas,Boyd,jennifergardner@johnson-hughes.com,S
155,00920353,Christina,Mayer,jasonhensley@hotmail.com,B
156,95953861,Stephanie,Bonilla,toddgray@gmail.com,B
157,99483081,Desiree,Clay,connerbrandon@yahoo.com,S
158,95489193,Kristi,Lopez,tarabrown@gmail.com,S
159,66578451,Angie,Brown,mccarthykaren@smith-knapp.org,B
160,83357763,Glenn,Gibson,hbyrd@castro.info,S
161,32755862,Lindsay,Torres,mathewsbrandi@hale.com,S
162,70547122,David,Graves,michael32@hotmail.com,B
163,88333052,Alicia,Kane,shawn24@yahoo.com,B
164,73437147,Heather,Foster,brian77@gmail.com,B
165,49121506,Christopher,Wilson,alexandrasandoval@yahoo.com,S
166,26174389,John,Odom,amy54@hotmail.com,S
167,15867735,Michael,Roberts,steven08@sweeney.info,S
168,37585754,Miranda,Crawford,njoseph@yahoo.com,S
169,84752406,Samantha,Decker,karineal@gmail.com,S
170,70973600,Ryan,Anderson,cookjennifer@gmail.com,S
171,66710592,Alan,Nguyen,lauren29@huffman.com,B
172,09318632,Breanna,Mosley,jessicaroberson@yahoo.com,B
173,55094122,Justin,Powell,waltonraymond@scott-doyle.com,S
174,99587536,Christine,Sutton,cgonzalez@yahoo.com,S
175,02788845,Tammy,Peters,phamanne@lopez-mendez.net,B
176,93209762,Cynthia,Sloan,scottflynn@graves.biz,B
177,86548885,Kiara,Turner,matthew67@yahoo.com,S
178,38102967,Mark,Miller,ryan00@gmail.com,S
179,94315028,Sharon,Rollins,hayeskari@gross-mitchell.com,S
180,07083075,Caitlin,Bradford,lfranco@watson-bartlett.org,S
181,34550120,Paul,Clark,dianamccarthy@gmail.com,S
182,24439114,Ann,Tate,andrewallen@smith.com,S
183,80816232,Sarah,Miller,abishop@quinn.com,S
184,15934345,Robert,Nguyen,theresa37@cohen-rivera.com,B
185,32324013,Ashley,Randall,holdercarol@hotmail.com,S
186,55599986,Scott,Lopez,jward@clark.com,S
187,19735726,Monica,Wilson,johnmitchell@hotmail.com,B
188,58015278,Emma,Rivers,nadams@farrell.com,S
189,29813339,Joel,Jones,rileyroger@patrick.com,B
190,41439326,Tyler,Murray,davidrhodes@yahoo.com,B
191,00970464,Laura,Zimmerman,travis23@gibson.com,S
192,39600424,Michael,Byrd,smithphilip@munoz.com,S
193,76567681,Omar,Glenn,todd24@kennedy.com,B
194,15769251,Courtney,Kim,brettwells@chan.com,B
195,08442536,Sonya,Hansen,warnerjustin@hotmail.com,B
196,99199081,Kaitlin,Buckley,cheryl97@williams.com,B
197,74391608,Jason,Duncan,klarsen@smith-neal.com,S
198,41091555,Adam,Moran,michelle03@yahoo.com,B
199,00819886,Edward,Daniels,alice80@carr.com,S
200,64213132,Courtney,Ross,tavila@gmail.com,B
201,58514122,Jesse,Garrison,goodwinfrank@gmail.com,S
202,12014163,Gary,Tate,nharrison@gmail.com,S
203,88121321,Lindsey,Thompson,jennifer52@gmail.com,B
204,50015542,Jason,Terrell,ebailey@gmail.com,S
205,45515491,Michael,Thomas,kwright@gmail.com,B
206,17803489,Jennifer,White,jeremyhuff@richardson.net,B
207,02148526,William,Cox,charlesjohnson@lee.biz,S
208,00220941,Andrew,Cook,panderson@campbell-vargas.net,S
209,80978848,Tyler,Lopez,gprice@leonard.info,B
210,02488677,Robert,Goodwin,anna01@gonzales.net,B
211,97705307,Matthew,Thomas,mmoore@yahoo.com,B
212,45256912,Samuel,Nelson,allencindy@james.net,S
213,52910234,Amanda,Young,rmartinez@zimmerman-walker.com,S
214,62422444,Bryan,Mack,juliaperry@perez-lane.com,S
215,22128669,Brandi,Wells,newmantimothy@davis.com,B
216,67153251,Ryan,Nelson,stephensonreginald@hotmail.com,S
217,22158130,Amy,Coleman,prattthomas@yahoo.com,B
218,92112773,Trevor,Rios,desiree80@gmail.com,S
219,47496118,Richard,Williams,hamiltonjohn@gmail.com,S
220,91169419,David,Keller,fmiller@webb.com,B
221,01860528,Brett,Davis,antonio46@gmail.com,S
222,81016891,Jeremy,Alexander,hooverkayla@gmail.com,B
223,43505616,Michael,Ramirez,fortega@green.com,S
224,21247507,Sherri,Lewis,perezshawn@cannon.biz,S
225,10879283,Paul,Farrell,fpowell@burgess.com,S
226,04927587,Daniel,Warren,walshleah@gmail.com,B
227,10348772,Joseph,Miller,richardsoncameron@gordon.biz,B
228,45601378,Joshua,Hurley,zcollins@yahoo.com,S
229,87254570,Jasmine,Cooke,ljackson@yahoo.com,S
230,40385600,Jessica,Holt,iwalker@gonzales-osborn.biz,B
231,51799267,Jessica,Campbell,gmorales@garcia.com,B
232,34333112,Aaron,Thomas,marymiller@gmail.com,B
233,41564028,James,Smith,mia91@perez.com,B
234,43869114,Daniel,Miller,sierravaldez@yahoo.com,B
235,74042845,Tiffany,Maldonado,elizabethnewman@rogers.org,S
236,49746419,Alan,King,xmcdaniel@hotmail.com,B
237,82355746,Susan,Holmes,lmiranda@gmail.com,B
238,48383042,Peter,Carter,enguyen@hotmail.com,B
239,86640138,Michelle,Hayes,zsmith@phillips-lee.com,B
240,28816287,Sheila,Weeks,stuartjohnson@douglas.biz,S
241,78152328,Lacey,Bradshaw,jhicks@gmail.com,S
242,88081410,Logan,Morris,rnichols@yahoo.com,B
243,11415251,Amy,Sanchez,paulyoung@yahoo.com,B
244,25383751,Joseph,Hernandez,joyce05@gmail.com,B
245,61670075,Mike,Martinez,wesley54@gmail.com,S
246,22750785,Jillian,Johnson,jonespamela@gmail.com,S
247,60284723,Michelle,Richardson,andersontimothy@yahoo.com,B
248,47586192,Jason,Hebert,thomasyates@jennings.net,B
249,92587960,Holly,Brown,sbarron@maldonado.org,S
250,76198113,Tyler,Shelton,isabellabarron@gmail.com,S
251,52469909,Tammy,Young,qsmith@yahoo.com,S
252,85944138,Misty,Powers,rhines@yahoo.com,S
253,18116908,Daniel,Gonzalez,janetnelson@craig-mcdowell.info,B
254,12208555,Matthew,Day,greerallen@hotmail.com,B
255,33122182,Tammy,Mccormick,kkramer@brown.com,B
256,05037070,Janet,Ford,emilyrivera@rodriguez-reid.biz,B
257,59061229,Marcus,Cabrera,shannonmcgee@hotmail.com,S
258,77315373,Fernando,White,robert74@faulkner.com,B
259,43345427,Melissa,Hall,christinagonzalez@yahoo.com,B
260,22869609,Melissa,Hood,stanley61@king.com,S
261,60257642,John,Anderson,daniel58@gmail.com,B
262,52445576,Charlene,Kaufman,lbrandt@yahoo.com,S
263,82404611,Jacqueline,Chavez,michaelgarcia@ashley.com,S
264,61001107,Jennifer,Frye,gleon@yahoo.com,B
265,40539683,Michael,Williams,lbrooks@mullins.com,B
266,79766968,Robert,Cooper,samuel07@yahoo.com,S
267,27951538,Shawn,Nguyen,xjones@guerra.com,B
268,79332828,Jon,Jackson,tmunoz@hotmail.com,S
269,48938532,Jamie,Perez,alexander72@mason-simpson.org,B
270,98697540,Manuel,Adkins,joshua84@hotmail.com,S
271,51448561,Jennifer,Robertson,ereid@hubbard-nguyen.biz,B
272,90386244,Jennifer,Sanders,zgarcia@gmail.com,S
273,90770784,Marcus,Flores,jeremymcclain@williams-castro.info,B
274,55251471,Larry,Taylor,mjordan@hotmail.com,S
275,75052317,Joel,Morris,jenniferrodriguez@yahoo.com,S
276,82388232,Timothy,Mueller,ethansherman@gmail.com,S
277,59695493,George,Keller,irasmussen@yahoo.com,S
278,67486212,Cody,Compton,gutierrezbrandon@hotmail.com,B
279,11055174,Gary,James,raymondkelly@chambers-velasquez.biz,B
280,72866030,Tiffany,Beard,anita29@jefferson-allison.com,B
281,31730136,Joan,Lewis,tburns@hotmail.com,B
282,97742135,Kellie,Moore,victoria35@gmail.com,B
283,52867279,Roy,Ellis,patricia59@hotmail.com,B
284,20659110,Shane,Coleman,grivera@andrews-scott.com,S
285,22000170,Edward,Holder,pho@jackson.biz,S
286,16244993,George,Henderson,corey79@gardner-parks.biz,B
287,05231300,Abigail,Lowe,catherine65@miller.com,B
288,74683277,Gregory,Patel,justinlester@evans.com,S
289,13427122,Jessica,Lewis,angelamiller@hotmail.com,B
290,31338226,Julian,Cannon,richardknox@clay.com,S
291,67609673,Martin,Davis,theresa11@yahoo.com,B
292,00922005,Anthony,Davila,john63@wise-holloway.com,B
293,03673447,Todd,Simmons,cody66@yahoo.com,B
294,60165190,Amy,Carter,bobbybarnett@harris.com,S
295,50174591,Jacob,Williams,cummingsmichelle@harris.com,B
296,23407657,Christina,Hughes,julie40@gmail.com,B
297,89645468,Darryl,Carter,moorecynthia@hotmail.com,S
298,73791737,Richard,Barnett,acostamichael@hotmail.com,S
299,69006852,Jessica,Hughes,hamiltonnathan@hotmail.com,S
300,45988172,Emily,Harrell,melindasmith@harper.com,B
301,72478905,Lindsey,Hernandez,grantkimberly@griffin.org,S
302,09997943,Sean,Bailey,margaretreid@yahoo.com,B
303,85855915,Richard,Parker,sherri33@hotmail.com,B
304,59488224,Kevin,Austin,carrierichardson@snyder.com,S
305,33197470,John,Bauer,brian21@gonzalez.com,B
306,01674903,Adam,Long,christopher37@banks-lindsey.com,S
307,53264114,Heather,Gregory,vaughnkeith@perry.org,B
308,54848542,Collin,Padilla,mcguireronald@cain.biz,S
309,21659775,Michael,Mcintyre,hbailey@snow.com,B
310,72825945,Erica,Guzman,feliciajones@yahoo.com,S
311,75229085,Joshua,Clark,rliu@joseph-anderson.biz,B
312,28305460,Lori,Hardy,petersenpatricia@hotmail.com,B
313,35435686,Martin,Serrano,pamela46@castaneda.com,S
314,84337948,Anna,Johnson,william25@gmail.com,S
315,62156165,Ellen,Carpenter,xjenkins@hotmail.com,B
316,98460069,David,Nguyen,george21@watson-frazier.com,S
317,96552056,Natasha,Rocha,myork@patterson.com,B
318,21551741,Michelle,Young,phillipsstacy@thornton-tucker.org,B
319,89331637,Gerald,Hughes,suetownsend@gmail.com,S
320,41989470,Jared,Ortiz,alec48@ray.com,S
321,55595780,Jodi,Jenkins,kristinehernandez@gmail.com,B
322,35334309,Denise,Johnson,padillaamy@hotmail.com,B
323,37787684,Antonio,Brown,tammythomas@gmail.com,S
324,53772701,Adrian,Gibson,robertsondeborah@gmail.com,B
325,43749416,Joanna,Wolf,uharris@hotmail.com,B
326,04306924,Ann,Aguirre,zbrandt@hotmail.com,S
327,65202661,Cody,Greene,johnsonevelyn@castillo.com,B
328,88193861,Deborah,Johnson,xschwartz@david.com,B
329,98863839,Derek,Jones,brownchristina@yahoo.com,B
330,19486345,Daniel,Jackson,ingramjoshua@hotmail.com,S
331,99771577,Samantha,Garcia,alexandergarcia@yahoo.com,B
332,68323332,Crystal,Valdez,plynch@gmail.com,B
333,84795014,Audrey,Hudson,mblack@hotmail.com,B
334,96053515,Barry,Montes,wilkinsdeborah@hotmail.com,B
335,99183783,Raven,Guerrero,mmorris@yahoo.com,S
336,47160095,Jason,Smith,kaylee83@yahoo.com,B
337,47928480,Maria,Rodriguez,erin02@hotmail.com,S
338,78581326,Daniel,Brown,jamie04@hotmail.com,B
339,88620459,Joseph,Quinn,robinsonjohn@santos.net,S
340,39354372,Adrian,Johnston,efriedman@gmail.com,S
341,28745693,Larry,Gonzalez,deleonlinda@hotmail.com,B
342,33591308,Anthony,Bernard,wilsonronald@acosta.com,S
343,11321163,Michael,Johnson,kevineverett@fuentes.com,S
344,89870037,Rebecca,Murphy,oblake@yahoo.com,B
345,35823872,David,Chapman,aguirredavid@stephenson.com,B
346,30299801,Samantha,King,xjackson@patterson.biz,S
347,23437371,Brett,Prince,karenpotter@johnston.info,B
348,74536283,Curtis,Melendez,jacobtorres@hall-allen.org,B
349,40076966,Nicole,Quinn,scottvasquez@hotmail.com,S
350,38709302,William,Crawford,mrocha@yahoo.com,S
351,42063582,Mary,Bass,johnsonpatricia@gmail.com,S
352,87402162,Rebecca,Higgins,joseph32@wright.com,B
353,08177797,Samuel,Hartman,julie12@clayton.com,S
354,82369880,Taylor,Fox,peterbaker@hotmail.com,B
355,93974905,Michelle,Anderson,robert76@gmail.com,S
356,84193247,Susan,Cameron,lindaking@wells.info,B
357,56086164,Monica,Jackson,claudia17@jones-smith.com,S
358,62562706,Tiffany,White,smithchristine@yahoo.com,S
359,28639671,Natasha,Miller,dennisjackson@hotmail.com,B
360,98506163,Misty,Rodriguez,thomasbrandt@gmail.com,B
361,78132450,Natalie,White,harrisrenee@gmail.com,B
362,64854038,Vincent,Sanders,kathleenrodriguez@levine.com,S
363,61204171,Michael,Smith,rwatson@lucas.com,S
364,64307718,Carl,Holland,amandabrown@gmail.com,S
365,86580298,Raymond,Guzman,kyle70@mack-erickson.com,B
366,95153797,Tyler,Adams,yjohnson@gmail.com,S
367,50374274,Laurie,Evans,joe86@gmail.com,B
368,28271826,Kathryn,Clark,kristina65@yahoo.com,S
369,38321757,Elizabeth,Wise,troybailey@gmail.com,S
370,39861313,Cody,Huerta,samanthapatterson@yahoo.com,B
371,85623989,Kenneth,Kemp,jaguilar@yahoo.com,S
372,32496345,Sabrina,Michael,warnergrant@gonzalez.com,B
373,26464374,Christopher,Espinoza,smithjuan@gmail.com,B
374,01990874,James,Miller,davenportjose@gmail.com,S
375,44336400,Paul,Bailey,shortchristopher@lucas.info,B
376,71911236,Michele,Wilcox,mfrederick@sparks.info,B
377,87231953,Judith,Mccann,powellrobert@durham.net,B
378,69934100,Cindy,Fletcher,bradley23@sanchez-andrews.com,B
379,10010884,Jessica,Allen,vicki43@guerrero.info,S
380,01533712,Ruth,Sellers,jessewhite@francis.org,B
381,04888345,Ashley,Coleman,elizabethmarshall@jones.com,S
382,59017196,Fernando,Perez,bmccarthy@gmail.com,B
383,61014848,Adam,Curtis,wbrown@li-smith.biz,B
384,75145064,Logan,Ford,michael58@robbins-nguyen.org,B
385,11688228,Thomas,Rodriguez,lee78@yahoo.com,S
386,69005152,Andrew,Martin,zcherry@clark-mccoy.com,B
387,68815400,Raymond,Smith,reneehickman@hotmail.com,S
388,11667018,Charles,Jones,richardcarter@gmail.com,S
389,83320163,Amber,Wagner,asimmons@yahoo.com,B
390,91626745,Sean,Nguyen,dfields@yahoo.com,S
391,27282977,Tanya,Baker,dean57@clarke.com,S
392,08769077,Jeremy,Frazier,qterrell@yahoo.com,B
393,00351171,Robert,Reyes,catherinecrawford@cooper.com,B
394,38730801,Nancy,Pierce,stevenparker@yahoo.com,S
395,49261417,Stacey,Hernandez,calebmoore@gmail.com,B
396,94483642,Jeremy,Santos,yrussell@arnold-murphy.org,S
397,89955055,Angela,Nelson,aviladaniel@gmail.com,S
398,30925014,Ryan,Henderson,moraleskayla@young.biz,B
399,62390194,Sarah,Cruz,hickmanbrian@yahoo.com,B
400,31225793,Christopher,Watson,david09@owens-chung.com,S
401,00656252,Alexander,Armstrong,derrickelliott@gmail.com,B
402,80764663,Jennifer,Grant,schaeferdaniel@yahoo.com,S
403,49331974,Cameron,Bennett,trobinson@schwartz.com,B
404,11511045,Marc,Pineda,adriansloan@hotmail.com,B
405,93069793,Kathleen,Higgins,don23@torres.com,B
406,95419893,Matthew,Parker,tapiahannah@taylor-schroeder.com,B
407,62233149,Kim,Stanley,elizabethstuart@gmail.com,B
408,82760403,Katelyn,Fleming,lmay@gmail.com,S
409,32977776,Sean,Walker,christine85@hotmail.com,S
410,22167798,Brianna,Harrison,laura46@yahoo.com,B
411,98324828,Julia,Jones,stephen84@fischer.com,S
412,64300078,Elizabeth,Small,qsmith@becker.com,S
413,69181856,Rebekah,Green,murphyjoshua@gmail.com,S
414,43199723,Todd,Hood,matthewmoore@yahoo.com,B
415,05009152,Samuel,Ramos,adam11@hotmail.com,B
416,86552868,Thomas,Richardson,smoyer@yahoo.com,S
417,36154104,Chase,Jones,joshuacraig@cardenas-matthews.com,B
418,97952282,Melanie,Dominguez,jamieharrell@yates.com,S
419,11424420,Leah,Taylor,ilewis@yahoo.com,B
420,46404602,Debra,White,nicholas10@wood.com,B
421,16532939,Jim,Wells,hsawyer@collins.net,S
422,28182801,Brent,Mason,coxtodd@ramirez.com,B
423,48242899,Benjamin,Hernandez,lhiggins@hammond.net,B
424,28332176,Brady,Hogan,tedwards@chang.net,S
425,59434665,David,Mccoy,dawnmelton@jones.com,B
426,02272115,Stephanie,Lynch,phillipsemily@davis.info,B
427,15739247,Stacy,Brown,jonathan06@hotmail.com,B
428,15735782,Virginia,Hernandez,carlosmorrow@smith.com,B
429,54983496,Robert,Wilson,cindy77@yahoo.com,S
430,55982894,Cameron,Wilson,patricia95@hotmail.com,B
431,28580317,Alex,Cannon,sheila97@garza.com,S
432,33030494,Anna,Gill,ashley74@campbell-stewart.com,S
433,57279268,Luke,Garcia,bergerdiana@yahoo.com,B
434,09168541,Catherine,Flowers,zcampbell@yahoo.com,B
435,77181855,Elizabeth,Cole,samanthataylor@patrick-rodriguez.info,B
436,00670197,James,Edwards,fbarr@wallace.com,S
437,09278097,Brent,Miller,jschultz@cruz-smith.com,S
438,89238592,Barbara,Thompson,tbrown@gmail.com,S
439,95233963,Devin,Ward,jennifernorris@burke.biz,S
440,59659723,Amanda,Mosley,welchmichele@yahoo.com,S
441,58710081,Juan,Mayer,doughertymaria@gmail.com,B
442,37582081,Ana,Carpenter,uflynn@hotmail.com,S
443,72968802,Kimberly,Wilkinson,tduncan@bishop-watts.com,S
444,43437597,Brian,Taylor,kristina81@santos.biz,B
445,12901760,Ann,Rodgers,churchannette@hotmail.com,S
446,03266748,Valerie,Moore,samuel48@wilkins.net,S
447,41376522,Brianna,Jones,daniellejames@lloyd.info,B
448,72154687,Randy,Harrison,bevans@gmail.com,B
449,70152050,Jessica,Richardson,jgentry@owen.net,B
450,82058777,Devin,Lucas,phyllis41@hotmail.com,B
451,38296178,Jacqueline,Stevens,maurice16@gmail.com,B
452,75406271,Derek,Mays,jerry95@francis.com,S
453,34214695,Laura,Cross,cortezryan@petty-robbins.info,S
454,36318728,Adriana,Waters,jessica50@hotmail.com,B
455,89174531,Samuel,Kennedy,fmurphy@norman.net,S
456,38586163,Gina,Peterson,maria40@lyons-murphy.net,B
457,37657796,James,Lamb,keithlopez@gmail.com,S
458,61606975,Crystal,Moore,carlsonjanice@hudson-james.com,B
459,47471757,Melissa,Morgan,garzamckenzie@simpson-lowe.net,B
460,13408695,Kristi,Pena,john99@hotmail.com,S
461,29878598,Jennifer,Cook,parsonsbruce@yahoo.com,B
462,71514741,Angel,Ball,daykrystal@jones-rodriguez.net,S
463,23841994,Gregory,Walter,djones@yahoo.com,B
464,96160794,Paul,Gallagher,phunt@fitzgerald-rollins.org,S
465,59289432,Mark,Griffin,colleen90@smith-duncan.info,S
466,91057440,Kristin,Aguilar,levi52@smith-young.com,B
467,47998681,Jasmine,Ray,egarcia@nash.com,S
468,28481881,Deborah,Johnson,nicole12@lester-williams.info,B
469,54320123,Scott,Shannon,knightcaleb@gmail.com,S
470,93592420,James,Le,yvonne97@yahoo.com,B
471,67409020,Wendy,Diaz,gberry@goodman-boyd.com,S
472,45939174,Eugene,Weaver,debra32@lewis.com,B
473,59502845,Henry,Williams,tamara06@winters.com,S
474,68292553,Suzanne,Evans,taylordavid@yahoo.com,B
475,45878039,Julia,Villarreal,taylormelvin@yahoo.com,B
476,48323895,Jacqueline,Williamson,xherman@yahoo.com,B
477,63453515,Jose,Brandt,robert25@hess.com,B
478,03066430,Daniel,Richardson,duartetammie@gmail.com,B
479,21757525,Craig,Howard,nicolesmith@gmail.com,S
480,23917675,Stephen,Preston,bperry@yahoo.com,S
481,76975202,Seth,Burke,lesparza@young.net,S
482,75869755,Michael,Garrett,farrelltodd@gmail.com,S
483,21328480,Joshua,Hill,mhenderson@yahoo.com,S
484,23891036,Sheri,Molina,lbass@yahoo.com,S
485,99209131,Amy,Delgado,nsimpson@yahoo.com,B
486,07931673,Colin,Webster,rterry@kane.com,S
487,78211599,Kenneth,Bennett,patricia84@gmail.com,S
488,73026617,Bobby,Johnson,uschmidt@yoder.com,S
489,86910958,Leslie,Mejia,iwilson@gmail.com,S
490,39095220,Robert,Gibson,charles57@yahoo.com,S
491,65674574,Daniel,Morgan,moorecurtis@lopez.com,B
492,21690730,Alexander,Clay,ecox@gmail.com,S
493,67877799,Robert,Brennan,jamesgill@hotmail.com,S
494,21328688,Justin,Reyes,moranlori@yahoo.com,S
495,41565094,Jesus,Wilkins,ocarroll@hays.com,B
496,80322566,Ashley,Murphy,jamesponce@mcclure-cobb.org,S
497,07270345,Peter,Ross,agallegos@chapman.com,B
498,34269312,Laura,Jacobson,kathryndaniels@green.org,B
499,12712366,Alexander,Gutierrez,mbrooks@gmail.com,B
500,44004798,Trevor,Johnson,courtney35@lee.com,S
501,49896176,Derrick,Smith,scottthomas@lozano.org,S
502,61222403,Shannon,Cole,nicolerobinson@hotmail.com,S
503,95505633,Cody,Shah,frazierkayla@moran-reynolds.com,B
504,63526011,Alan,Holt,christopher82@lewis-pierce.info,B
505,13473709,Ann,Powell,ngarcia@white-rodriguez.org,B
506,88960371,Gina,Miller,zlee@yahoo.com,S
507,16298163,Jacob,Baxter,juliemays@gmail.com,S
508,81687879,Allison,Henderson,donald15@smith-kelley.com,S
509,47296169,Christopher,Pope,cfleming@hotmail.com,S
510,27392119,Robert,Smith,halejim@hotmail.com,S
511,13535292,Victoria,Brown,andrewlewis@hotmail.com,B
512,73248484,Austin,Lee,dgeorge@hotmail.com,B
513,36817023,Justin,Stanley,sherry21@colon.com,B
514,69983887,Lisa,Holmes,oryan@howard.biz,B
515,77655127,Justin,Williams,jacksonmatthew@yahoo.com,S
516,78059245,Kenneth,Franco,pettyjames@yahoo.com,S
517,71726526,Justin,Smith,dpeterson@soto.biz,S
518,15311566,Brian,Jones,ramosjulia@knight.biz,S
519,35140689,Jamie,Moore,lisa05@hotmail.com,B
520,59376842,Austin,Bailey,uday@matthews-stanton.biz,S
521,56806755,Melanie,Bush,huertamario@martin.org,B
522,87950717,Joel,Dennis,jenniferharris@gmail.com,S
523,51584245,Bryan,Perez,autumn97@hotmail.com,S
524,75792053,Joseph,Lopez,hmartinez@gmail.com,S
525,21722516,Jorge,Pruitt,kmyers@morales.com,S
526,58455166,Melinda,West,rebecca94@gmail.com,B
527,96231166,Theodore,Walters,kevin85@smith.com,S
528,62210898,Christina,Evans,thomas11@yahoo.com,B
529,53649799,Ronnie,Lewis,mary65@gmail.com,B
530,28106593,Dawn,Beard,sbarnett@gmail.com,S
531,53798572,Jennifer,Frank,carmen48@davis.org,B
532,42066255,Kimberly,Morgan,amberpatterson@patton.com,S
533,97165088,Emily,Paul,taylordavid@yahoo.com,B
534,83172472,Matthew,Fernandez,david09@garrison.net,S
535,08719706,Jessica,Harvey,stephanielewis@gmail.com,B
536,16629400,Amy,Nielsen,daniel80@gmail.com,B
537,10153987,Charles,Johnson,beverlyobrien@gmail.com,S
538,95802435,Dennis,Reyes,jasonwallace@gmail.com,S
539,91992383,Cynthia,Franco,mwilkins@yahoo.com,B
540,53718594,Patrick,Pope,dalton64@moore.com,B
541,41108277,Stephanie,Rhodes,laura85@gmail.com,S
542,12767236,Rachael,Smith,wilkinsonjose@hotmail.com,B
543,54581913,Mary,Lin,rabbott@armstrong-walters.com,B
544,88393728,Danielle,Brown,katrina48@dunn.com,B
545,62082280,Julian,Morgan,kimberly25@brown.com,B
546,98589913,Kristen,Solis,wagnerthomas@davis-reynolds.com,S
547,47424463,Joseph,Manning,evansconnor@johnson.info,S
548,57099347,Brittany,Cole,eberger@peters.com,B
549,14340895,Shannon,Merritt,christianwelch@gmail.com,B
550,08670144,Sarah,Thomas,ryancain@hotmail.com,S
551,21523502,Karen,King,robertwelch@hotmail.com,B
552,63404425,Lisa,Arnold,loganweaver@nichols.com,B
553,54993235,Crystal,Lewis,alyssahanson@yahoo.com,S
554,70122886,Timothy,Hall,laurapoole@estrada.com,S
555,82279011,Stacy,Mendoza,michael34@hotmail.com,S
556,72820049,Brandon,Williams,codywalker@hill.net,S
557,25432329,Michaela,Walsh,obrienleslie@dominguez.biz,B
558,20618353,Jessica,Howe,danielle72@porter.info,S
559,23276291,Samuel,Hartman,scott56@maxwell.com,B
560,89132586,Caitlin,Montes,toni81@gmail.com,S
561,69968624,Emily,Harris,zjohnson@gmail.com,S
562,51024680,Tanya,Potter,jamesbrown@johnson.net,S
563,86383318,Stephen,Avila,kelly65@gmail.com,B
564,58130797,Chelsea,Harris,dalton45@pacheco.com,B
565,90443107,William,Miller,esanchez@hotmail.com,S
566,52118050,Michael,Crosby,briancosta@peterson.biz,B
567,54971936,Lisa,Douglas,tammy32@yahoo.com,S
568,44737412,Loretta,Mccann,amandaespinoza@hotmail.com,S
569,74235339,Stephanie,Jones,ythomas@miller.com,S
570,60951960,Brandon,Arnold,agrant@dixon.com,S
571,02311425,James,Burns,ogamble@hotmail.com,S
572,15346964,Justin,White,brookebrown@shepherd-gallegos.net,B
573,28096634,Brooke,Martinez,deantabitha@hotmail.com,S
574,61048669,Colton,Franco,john13@yahoo.com,B
575,17328654,Rachel,Montgomery,howelljeffrey@kelly-chan.biz,S
576,71519302,Eileen,Elliott,lauramyers@walsh.org,B
577,74526024,Gregory,Strickland,williamvalentine@yahoo.com,S
578,17510066,John,Allen,michellehowell@simmons.com,B
579,58703403,Brian,Hall,natashacarter@hotmail.com,S
580,50609789,Glenn,Valentine,christophervillanueva@clark.net,B
581,47608795,Scott,Miller,tracy40@hotmail.com,B
582,90962110,Kathy,Martin,jonathan24@williams.info,B
583,81361861,James,Humphrey,molson@everett-vargas.com,B
584,52418204,Melinda,Johnson,buckstacy@gentry.biz,B
585,82653828,Luis,Campbell,imeza@gmail.com,S
586,76815393,Willie,Griffin,bailey75@hays.com,B
587,13315634,John,Allison,vanessachandler@jones-sampson.biz,S
588,89822951,Marc,Lopez,kyle12@chen.org,S
589,40324364,Stacy,Carter,anthonydunn@yahoo.com,B
590,81641796,Bridget,Beck,elizabethcunningham@yahoo.com,B
591,49985450,Brooke,Spencer,ithomas@dodson-thompson.com,S
592,54337381,Laura,Miller,charlesmckinney@hotmail.com,B
593,33047997,Casey,Mathis,cheyennewhite@hotmail.com,S
594,32187984,Vanessa,Alvarez,deborahpena@hotmail.com,S
595,89599884,Frank,Brown,terrence46@brennan.info,S
596,81392377,Jackson,Owens,darrelllamb@webb.com,B
597,34965160,William,Stewart,ronaldreyes@turner-houston.net,B
598,67318704,Matthew,Anderson,melanie38@gmail.com,B
599,27975992,Heidi,Lee,archerkarla@hotmail.com,B
600,59747888,Danny,Lindsey,stephanie05@cain-stephens.com,S
601,05270668,Daniel,Wise,jacksonkeith@medina.org,S
602,97004745,Jacqueline,Smith,cantujohn@sandoval.net,B
603,44995423,William,Jackson,garretthenry@mcfarland.com,S
604,52654978,Jonathan,Hanson,hcollins@hotmail.com,B
605,97755586,Aaron,Williams,jessica43@elliott-mclaughlin.biz,B
606,07836534,Meredith,Bates,porterjulian@hotmail.com,B
607,00943161,Danielle,Lynch,abaxter@yahoo.com,B
608,95708409,Ryan,Lloyd,ybaldwin@hotmail.com,S
609,08826374,Jamie,Taylor,stacy76@gmail.com,S
610,01803853,Perry,Taylor,ashley91@gmail.com,S
611,06263355,Luke,Hardy,eric47@stewart.com,B
612,92706187,Heather,Thompson,greencassandra@barton.org,S
613,74153442,Christopher,Hill,castanedamarc@yahoo.com,B
614,21386510,Francisco,Leblanc,ann26@armstrong-mitchell.com,S
615,28713487,Alexander,Pratt,murrayjeffery@taylor.com,B
616,20753511,Mario,Perkins,pricebrett@gmail.com,S
617,10955680,Rachel,Reed,mwalker@gmail.com,B
618,48300148,Sara,Bentley,fallen@fox-bailey.com,B
619,29118106,Tyler,James,waynebarry@smith-ramos.info,S
620,39632210,Robert,Mccarty,fitzgeraldbrandon@cole-matthews.com,B
621,12009541,John,Fox,bob24@rodriguez-anderson.org,B
622,57013282,Bryan,Collins,xcruz@reyes.biz,S
623,93120975,Chelsea,Zuniga,hbennett@yahoo.com,S
624,27860939,Erik,Taylor,millershawn@hotmail.com,B
625,83482502,Kyle,Miller,shermansamantha@hotmail.com,S
626,39930231,John,Hull,bellpaul@yahoo.com,S
627,25473582,Scott,Hunter,mwilliams@gmail.com,B
628,31167710,Brooke,Marshall,susan99@gmail.com,B
629,12105090,Jennifer,Terry,aharris@yahoo.com,B
630,65856536,Jennifer,Rangel,bethanycrosby@cohen.com,B
631,43490028,Jasmine,Wilkinson,nicolefischer@yahoo.com,S
632,61326675,William,Lopez,christopherchandler@hatfield.org,B
633,77473974,Jeffrey,Mullen,andrewlucero@bryan.net,S
634,47017245,Lisa,Mendez,wpadilla@ford-robertson.com,B
635,14654749,Christina,Rice,lauren48@vargas-jordan.com,B
636,16305229,Chad,Sloan,uhill@schmidt-schmidt.biz,B
637,16820005,Robert,Walker,williamyoung@gmail.com,S
638,59497905,Christopher,Miller,jo79@gmail.com,S
639,79833066,Steven,Fleming,michelle22@holloway.biz,S
640,18896411,Roberto,Hall,wongrebecca@yahoo.com,S
641,51960315,Anthony,Patel,ramirezjonathan@davis.com,S
642,08651174,Joseph,Poole,robertfranco@anderson-smith.com,B
643,65962787,Thomas,Edwards,daniel63@logan.com,S
644,57856551,Alan,Johnson,portermichael@gmail.com,B
645,55981606,Robert,Watts,campbellalexandra@gmail.com,S
646,29791552,Sean,Kidd,johnsolis@robles.info,B
647,02448787,Kristina,Pearson,edaniels@hotmail.com,S
648,66990581,Cynthia,Morgan,josephcarmen@yahoo.com,B
649,52716683,Katherine,Cohen,samanthacole@ortiz-fox.com,S
650,30926059,Kristen,Day,smithrobert@knapp-bowman.org,S
651,50003372,Kristen,Ward,marshalljohn@lopez.com,S
652,84004574,Deborah,Carter,aliciamendez@yahoo.com,S
653,13912260,Frank,Flores,mooredavid@hotmail.com,S
654,05370535,Sandra,Nichols,jasonmiller@garcia-nelson.com,S
655,43219858,Veronica,Ortega,lindalong@mcclain.net,S
656,23354418,Amy,Riddle,ocook@yahoo.com,S
657,23429055,Melissa,Taylor,catherine55@jones.net,B
658,92728592,Stephanie,Parker,randall86@johnson.net,B
659,02364599,Christopher,Hansen,williamsjennifer@hotmail.com,B
660,94809916,Zachary,Ward,antonio32@yahoo.com,S
661,02436326,Lori,Ortega,thomasyoung@gmail.com,S
662,69126925,Ashley,Dunn,hughesdarius@yahoo.com,B
663,70764123,George,Guzman,fwalker@stokes-murray.com,B
664,08960597,Timothy,Alvarado,brownmichael@hall.com,S
665,29041022,Kim,Ballard,bennettkathleen@weber-cunningham.net,S
666,25833621,Charles,Austin,kimberlyjackson@taylor.info,S
667,86575386,Brittany,Lam,rhondaadkins@yahoo.com,B
668,93568807,Matthew,Rivera,holly59@moore-wise.net,S
669,71584287,Destiny,Rogers,patelrobin@gmail.com,S
670,45524806,Elizabeth,Sherman,johnsondebbie@hotmail.com,B
671,47882560,Matthew,King,efleming@patel.com,S
672,71462714,Peter,Miller,stevensrobert@smith.com,S
673,85915268,Amanda,Singleton,peter50@parker.com,B
674,93026567,Stacie,Figueroa,bcastro@gmail.com,S
675,09034495,Derek,Jacobs,allenmartin@hotmail.com,S
676,64353555,Patricia,Hamilton,delacruzchristopher@jones.com,S
677,44806545,Eric,Collins,jthompson@barrett.com,B
678,87633184,Amy,Little,xboyer@gmail.com,S
679,83787874,Nancy,Crosby,heather22@reyes-mcintosh.biz,S
680,24317252,Cynthia,Powell,shawnpeters@yahoo.com,S
681,87938876,Emily,Cortez,markpeterson@scott.com,S
682,16065956,Olivia,Weiss,gilbertmark@parsons.com,B
683,58049358,Brittany,Gonzalez,alexanderreyes@gmail.com,B
684,48299954,Dawn,Mullins,nsutton@hotmail.com,B
685,60718280,Tina,Smith,hortonmark@moody-stewart.net,B
686,82032074,Erica,Larson,michelletapia@gmail.com,S
687,34838983,Jessica,Gonzales,twilson@hotmail.com,B
688,11079750,Gary,Mills,rebecca96@davis-holland.com,S
689,76344626,Christina,James,jonathan53@gmail.com,S
690,60951625,Richard,Neal,maxwell01@gray.com,S
691,16051669,Amy,Steele,wendyfleming@figueroa.com,B
692,44255701,Eric,Jackson,allison98@gmail.com,S
693,16124738,Lisa,Brady,wrocha@ponce.com,B
694,85360969,David,Best,william00@yahoo.com,B
695,36055227,Jaime,Brown,joshua51@humphrey.net,S
696,46786173,Melissa,Meza,anthony78@fuller.com,S
697,10829554,Sean,Medina,james44@hotmail.com,B
698,48679190,Shawna,Murray,johnmiller@gmail.com,S
699,83162510,John,Lopez,morganchristopher@yahoo.com,B
700,83910555,Lisa,Young,ogreer@gmail.com,S
701,31281195,Paula,Graham,kristinawagner@gmail.com,B
702,18929140,Valerie,Meyer,ssimmons@yahoo.com,B
703,37798338,Jaime,Rose,hannahjohns@gmail.com,S
704,34500491,Ryan,Deleon,amy51@gmail.com,S
705,73400905,Ashley,Bean,yvelazquez@hotmail.com,B
706,96209547,Jeremy,Torres,annarodriguez@boyer.org,B
707,82274849,William,Stone,benjaminpeterson@romero.biz,S
708,81172238,David,Perkins,cnguyen@conrad.com,S
709,21877629,Amy,Garcia,dale68@yahoo.com,S
710,05610822,Steven,Gonzalez,qmatthews@butler.com,S
711,53229724,Isabella,Elliott,tblackwell@yahoo.com,B
712,88319100,Jennifer,Carpenter,davisjeffrey@gmail.com,S
713,80529248,Victoria,Smith,reginafischer@gmail.com,B
714,22058645,Carlos,Dalton,kevinlarson@walters.com,B
715,31140188,Brian,Romero,lrussell@mcdaniel.com,S
716,67682379,Jennifer,Bradshaw,paige16@hotmail.com,B
717,58301487,Daniel,Randolph,molinachelsea@martin-wood.net,B
718,19242224,Adam,White,petersonricardo@gmail.com,S
719,53805423,John,Fisher,tammypayne@yahoo.com,B
720,28167693,Shawn,Peters,alexis33@hatfield.com,S
721,20908195,Amanda,Hernandez,ibullock@hotmail.com,B
722,91970015,Noah,Young,jevans@campbell-butler.com,B
723,47402201,Stephen,Larson,shinton@yahoo.com,B
724,26503943,Kathleen,French,burnscarly@hotmail.com,B
725,44428259,Kelly,Webb,williamscindy@gmail.com,S
726,52349164,Ronald,Rios,pamelaryan@hotmail.com,S
727,96004142,Erika,Hill,richardcurtis@gmail.com,B
728,38730016,Robert,Kane,randymann@moran.com,S
729,72467091,Scott,Lopez,richardcontreras@morrison.com,B
730,58623268,Patricia,Carter,kimberly38@gilmore-johnson.biz,S
731,01325645,Shelly,Rangel,jasmine12@forbes-armstrong.info,B
732,18732764,Kevin,Woodard,anthonyjoshua@hotmail.com,S
733,86373098,Tara,Brown,robertmann@yahoo.com,S
734,69466694,Lisa,Moss,hartmanmelissa@hotmail.com,B
735,18990041,Melanie,Burns,smithjason@hotmail.com,B
736,42942665,Jennifer,Howard,stephaniethompson@guerrero.com,S
737,84131690,Cristina,Galvan,pstone@woodward-dickson.com,S
738,79873246,Christopher,Warren,jessica01@hotmail.com,B
739,84112378,Lee,Lewis,sotomelissa@davis.com,B
740,76497254,Brittany,Russell,sarah53@hotmail.com,B
741,70506075,Bradley,Zhang,hartmegan@gmail.com,S
742,01821550,Michelle,Pope,ramirezryan@gmail.com,B
743,38997570,Lindsey,Martinez,zyoung@hood.info,S
744,02225623,Andrew,Carrillo,conniesanchez@garza.com,S
745,81790401,Heather,Perez,marysandoval@hotmail.com,B
746,81660469,Richard,Turner,susandalton@gmail.com,B
747,03673355,Brandy,Davis,yramsey@gmail.com,B
748,68668204,Helen,Gillespie,esandoval@brown.info,S
749,85126107,Elaine,Byrd,ecook@gmail.com,S
750,02630533,Alex,Dawson,jonesjulie@hotmail.com,S
751,03401729,Barbara,Hernandez,cbowers@owens-riley.com,B
752,69235399,Joseph,Carroll,pkramer@yahoo.com,S
753,43354771,Connie,Miller,amanda75@bell-marshall.com,B
754,07222092,Gary,Allen,nyoder@mckinney.com,B
755,44157098,Jenna,Woods,zrussell@hotmail.com,S
756,03826034,Karen,Sanford,megangardner@yahoo.com,B
757,56372694,Kyle,Johnson,sarah75@yahoo.com,S
758,83222016,Stephanie,Allison,hrhodes@hotmail.com,B
759,17641333,Rhonda,Patrick,hpeterson@lee-clark.com,S
760,04758501,Bradley,Flores,smithbrittany@hotmail.com,S
761,19335346,Rachel,Stanley,jenniferharrison@hotmail.com,B
762,19951065,Steven,Sweeney,smithcrystal@harris-taylor.com,B
763,80931621,David,Gutierrez,brett53@yahoo.com,B
764,87618839,Sharon,Mendez,sotosarah@gmail.com,S
765,73644361,Kristine,Reynolds,dylan43@wells.com,B
766,74072446,Lindsay,Coleman,williestewart@frazier-blake.com,S
767,57280677,David,Moore,john55@elliott-robinson.info,S
768,70989632,Jacob,Marquez,burnsjill@yahoo.com,S
769,49296099,William,Jackson,stephaniebishop@hotmail.com,S
770,15535856,Sarah,Moon,michellehall@mayer-obrien.com,B
771,95774336,Phillip,Acevedo,ogomez@cruz-jensen.com,B
772,17356510,Austin,Bailey,upacheco@nash.com,B
773,37302719,Lisa,Rose,wendysilva@hotmail.com,B
774,99361228,Leon,Galloway,bbrooks@hotmail.com,B
775,48910347,Ronald,Bell,laura90@jackson-thomas.com,B
776,69043208,Daniel,Nelson,burtondavid@gmail.com,S
777,14527951,David,Walker,yvega@yahoo.com,S
778,74013340,Amy,Wilcox,jenniferholden@meyer-harris.org,S
779,29780648,Jon,Ferguson,andre32@schroeder.com,S
780,45217845,Monica,Richards,msmith@reynolds.com,B
781,92325685,John,Stone,bakerleah@atkins.info,B
782,37187163,Olivia,Bray,spencejade@rodriguez.com,S
783,17973090,Ricardo,King,fanderson@yahoo.com,B
784,43536481,Randall,Caldwell,christianrogers@obrien-miller.biz,S
785,37263195,Adrian,Carson,jnash@hotmail.com,S
786,41678763,Rachel,Smith,swilson@hotmail.com,S
787,82812201,Ryan,Wilson,garciajerry@graves.com,B
788,94542554,Tracy,Horton,clarkkevin@gmail.com,S
789,00396516,Mario,Ramos,lewisallison@boone-black.com,S
790,74746378,Janet,Phillips,perezmichelle@gmail.com,B
791,79496674,Elizabeth,Richardson,paul66@hotmail.com,S
792,38661631,Charlotte,Miller,elainefisher@wiggins-luna.com,B
793,93367974,Valerie,Anderson,carlos19@thomas.com,S
794,78753501,Alexander,Harris,smitchell@patterson-fletcher.com,B
795,84586889,Justin,Reynolds,lunasara@gmail.com,B
796,52171055,Samuel,Carter,ynorman@gmail.com,B
797,72705254,Shannon,Merritt,zsmith@crawford.net,S
798,87319620,Mark,Hughes,xfrazier@gmail.com,B
799,63532913,Robert,Walker,gwillis@barrera.org,S
800,80345671,David,Perry,andrew01@gmail.com,B
801,88823478,Christopher,Pierce,cfitzpatrick@hotmail.com,B
802,52202476,Walter,Carlson,hharris@forbes.com,B
803,65071670,Zachary,Mcdonald,meltoncody@jimenez-weiss.com,S
804,97222774,Tyler,Reed,colejennifer@hotmail.com,S
805,95322681,Michael,Rodriguez,cummingsvictoria@gmail.com,B
806,88435091,Heather,Sparks,timothybriggs@hotmail.com,B
807,50450077,Tammy,Schwartz,hmitchell@castaneda.com,S
808,00190589,David,West,fjohnson@ferguson.biz,B
809,98573639,Richard,Gutierrez,paigeberry@hotmail.com,B
810,29582921,Carl,Martinez,wwilliams@jackson.net,S
811,75340131,Shannon,Sherman,monica48@lamb-mendoza.com,B
812,55289207,James,Williams,roseglenn@hotmail.com,B
813,36747115,Timothy,Smith,marcusvega@castro.com,B
814,46555243,Elizabeth,Kline,ashley49@gmail.com,B
815,72271735,Luis,Campbell,qcastaneda@sherman.com,B
816,60086327,David,Jones,hodgecrystal@sutton.com,B
817,07277375,Audrey,Ryan,kimcharles@yahoo.com,S
818,20931551,Steve,Novak,johnny18@hotmail.com,B
819,50556908,Randy,Watson,brandon57@jones-forbes.com,B
820,07386824,Monique,Parsons,qgraham@phillips-novak.org,S
821,77792075,Matthew,Washington,michelle28@cruz.com,B
822,86822671,Henry,Smith,wesleywilson@martin-baker.com,S
823,10081488,Crystal,Chen,stevensims@gmail.com,B
824,75354688,Christopher,Morgan,fsmith@anderson.biz,S
825,96817285,Jeanette,Swanson,brian10@yahoo.com,S
826,59512356,Linda,Maxwell,wevans@jordan.com,S
827,31409087,Dalton,Wolf,marystewart@hotmail.com,S
828,24387149,Shelby,Sutton,daryljames@hotmail.com,S
829,41728895,Justin,Castillo,valentinekristy@olsen.com,B
830,56637885,Kayla,Carroll,evan23@mcintyre.com,B
831,32737370,Amanda,Rhodes,davismichael@coffey.com,B
832,08540393,Joshua,Hanson,bcook@thompson-allen.com,B
833,43641185,Sylvia,David,nburnett@hotmail.com,S
834,28750062,Christopher,Evans,brian56@yahoo.com,S
835,49246346,Edwin,Nunez,mollymcgee@espinoza-lee.com,S
836,36717378,Jennifer,Reeves,staylor@estrada.net,B
837,90420290,Charles,Taylor,sarahbarry@hotmail.com,S
838,62183642,Sara,Mitchell,amandasmith@fields-travis.org,B
839,41548585,Robert,Brown,iward@gutierrez-pugh.com,B
840,56810288,Catherine,Walsh,shelleyrogers@hotmail.com,S
841,66044406,Kayla,Bailey,katelynwhite@warner.com,B
842,04261612,David,Jones,cnelson@hotmail.com,B
843,85963191,Rebekah,Hopkins,ucantrell@hotmail.com,B
844,38654084,Timothy,Davis,heather34@williams.com,B
845,13270728,Robert,Braun,msmith@vasquez-nixon.com,S
846,70612424,Nancy,Davis,hillrandy@jackson.com,S
847,77622327,Robert,Stephens,jamespatton@gmail.com,S
848,41516669,Jeffery,Moran,vtravis@yahoo.com,S
849,31478618,Joanne,Krause,stephen90@hotmail.com,S
850,72065839,Brandy,Black,maryrodriguez@mckinney.com,B
851,59419150,Andrew,Reyes,sarah69@yahoo.com,S
852,03093863,Tanner,Mathis,norristraci@hotmail.com,B
853,78517622,William,Robbins,coopernicole@yahoo.com,S
854,19136622,Amanda,Wilson,christian42@hotmail.com,B
855,04195535,George,Martinez,charlesherrera@hensley.com,B
856,29251988,Bryan,Mendoza,david33@robinson-rodriguez.com,S
857,12293889,Shelby,Miller,gsnyder@hotmail.com,S
858,35314691,Jose,Rodriguez,kelly94@lynch.com,B
859,67875177,Mitchell,Morales,jimmy17@gmail.com,S
860,85497504,Gary,Tran,ajoseph@hampton.com,B
861,87003680,John,Russell,lawrenceramirez@brown.net,S
862,01408317,Brooke,Kennedy,tchavez@gmail.com,B
863,89085509,Jonathan,Smith,kellyrose@williams.info,S
864,08210593,Kevin,Alexander,eduarte@johnson-smith.com,B
865,17518215,Randy,Blackburn,jonesmarcus@johnson.info,B
866,16333048,Danny,Smith,russellanthony@yahoo.com,S
867,02587981,Francisco,Lee,calvinsmith@potter.com,B
868,87441840,Bryan,Davis,smoses@parker-hogan.com,B
869,26407418,Jessica,Harrell,geoffreychavez@moody.net,B
870,48992640,Angela,Walton,eferguson@gonzalez.com,B
871,91424419,Michele,Clay,qfrye@yahoo.com,B
872,10468661,Charles,Torres,keithwilliams@gmail.com,B
873,13834609,Tyler,Freeman,herbertbrooks@gmail.com,S
874,03262863,Robert,Krueger,christopherhunter@hampton.com,S
875,29377350,Troy,Frey,michelle83@hotmail.com,S
876,80986386,Emily,Strickland,ruth34@yahoo.com,S
877,01646214,Jessica,Yang,qchoi@hoffman.biz,S
878,04985433,John,Young,rachel71@hotmail.com,B
879,70040708,Theodore,Peterson,petersenpatricia@kim-sanchez.org,B
880,53581761,Tyler,Bowers,donaldmiller@jackson-martinez.com,S
881,54073555,James,Lee,jeremymueller@oconnor-anderson.info,B
882,97580461,Wayne,Sweeney,renee73@prince-lin.com,B
883,97441878,Nathaniel,Young,michellesanchez@yahoo.com,S
884,09975491,Crystal,Schroeder,sethdawson@martin.com,S
885,35634041,Tina,Hall,onealmatthew@gmail.com,B
886,18340730,Miranda,Baker,erica66@wells-cuevas.net,S
887,01750560,Todd,Carlson,omolina@robles.com,B
888,18083972,Michael,Holland,stewartvictoria@gmail.com,S
889,59889687,Shannon,Lopez,courtneyphillips@gmail.com,B
890,52506147,Brian,Flores,ustewart@yahoo.com,B
891,86787086,Derek,Fields,ronald30@hotmail.com,S
892,33884004,Christopher,Shannon,patrick11@yahoo.com,S
893,86873123,Veronica,Carroll,edwardfreeman@gmail.com,B
894,41286128,Lisa,Taylor,frobinson@hudson.info,B
895,62966313,Jasmine,Richardson,michellevillanueva@johnson-freeman.biz,S
896,18154610,Sabrina,Lynn,johnstonthomas@yahoo.com,S
897,63893250,Chad,Armstrong,vanessagay@yahoo.com,S
898,82835446,Andrew,Phillips,fbautista@gmail.com,B
899,00393225,Carlos,Spears,morgan53@gmail.com,B
900,17412049,Mark,Robinson,morrisjennifer@gmail.com,B
901,60850256,John,Stephens,wstuart@price.biz,S
902,18831153,Daniel,Pugh,andersontoni@ruiz.info,S
903,89497326,James,Fox,gina51@johnson-adams.com,B
904,16072183,Michael,Martinez,yjimenez@grant.net,B
905,45671395,Wesley,Harris,gbarber@hotmail.com,B
906,67572687,Andrew,Drake,amber39@daugherty.com,S
907,55936811,Danny,Luna,heather97@gmail.com,B
908,19004945,Michelle,Cowan,jonathanshepherd@johnson.com,B
909,80573319,Scott,Lewis,joel31@garza-salas.info,S
910,37055325,Danny,Suarez,morganmegan@yahoo.com,B
911,23429291,Shannon,Hernandez,shelley74@fox-cooley.com,S
912,53258083,Matthew,Cruz,taylorjohn@yahoo.com,B
913,81386918,Yolanda,Brown,madisonfowler@yahoo.com,B
914,56888461,Kyle,Smith,smithyolanda@anderson-mcdaniel.biz,S
915,21458750,Sandra,Waters,christopher09@guzman.com,S
916,75647766,Sarah,Coleman,qvincent@gmail.com,S
917,85937451,Ricky,Martinez,chelseamann@jacobs-simpson.net,B
918,93964807,Jennifer,Camacho,luis05@yahoo.com,S
919,95059358,Allen,Young,xnewton@campbell.com,B
920,18065015,Dean,Ruiz,markcobb@hotmail.com,B
921,97937821,Keith,Brock,astevens@austin-miller.info,S
922,44904678,Timothy,Clark,leerivera@hotmail.com,B
923,42887003,James,Smith,powelltimothy@hotmail.com,S
924,86805032,Daniel,Lowe,meganwest@yahoo.com,B
925,29829828,Kristen,Owens,melaniemassey@brown.com,S
926,89773307,Sheila,Diaz,christopherfrancis@yahoo.com,S
927,04812449,Shane,Caldwell,medinajeffrey@nguyen.com,S
928,43575510,John,Nichols,justin69@small.com,S
929,70554120,Deanna,Lewis,ofoley@gibson.com,B
930,56926743,Richard,Brown,wilsondaniel@roberts.org,S
931,57320946,Jennifer,Smith,isabeljacobs@yahoo.com,S
932,42857907,Sarah,Hardy,eric53@gmail.com,B
933,18943733,Jessica,Bishop,shannonblackwell@bowman-johnson.com,S
934,17307000,Alan,Palmer,njohnson@yahoo.com,S
935,18931495,Bailey,Beck,smithjeffrey@yahoo.com,B
936,53775627,Jessica,Brown,pbowman@patterson.info,S
937,09104686,Victoria,Barnett,fpoole@gmail.com,B
938,64199177,Kenneth,Ewing,johnsondaniel@gmail.com,S
939,60457325,Crystal,Sawyer,jordan69@gmail.com,S
940,64756363,Kathleen,Davis,eserrano@gmail.com,S
941,23804869,Sophia,Howe,stephanie83@smith-munoz.com,B
942,49604726,Michael,Nguyen,mpowell@hotmail.com,B
943,86795944,Maria,Day,lisa25@preston.com,B
944,84188380,Alyssa,Blanchard,jessica95@gmail.com,B
945,55377492,Allison,Foley,aguilartony@higgins.net,B
946,04082569,Stephanie,Moore,ricardocontreras@yahoo.com,S
947,40955377,Charles,Lara,bowerschristopher@hotmail.com,B
948,40056227,Jesse,Shepard,barrettwendy@yahoo.com,S
949,68020873,Kimberly,Lee,ythomas@yahoo.com,B
950,31678636,Melissa,Thomas,joshua02@hotmail.com,S
951,53584441,Ryan,Mitchell,andrew84@gmail.com,S
952,56027174,Allison,Warren,kmcclain@yahoo.com,S
953,86478960,William,Lynch,qmanning@yahoo.com,S
954,46363244,Donna,Medina,bryan05@gaines.com,S
955,31823241,Hannah,Reyes,anthony10@gmail.com,S
956,61950580,James,Chapman,joshua56@guzman.com,B
957,07451584,Steven,Mcmahon,gyork@paul-parrish.org,B
958,14227257,Christopher,Osborn,ballheather@yahoo.com,S
959,18741056,Shawn,Murray,kpage@yahoo.com,B
960,55220149,Sarah,Foley,christine12@yahoo.com,S
961,81578221,Joseph,Kelley,anthonyarmstrong@hotmail.com,S
962,01165036,Catherine,Reed,qjohnson@obrien.info,B
963,86384773,Kristen,Serrano,yschwartz@yahoo.com,S
964,26832753,Christine,Casey,smithmatthew@gmail.com,B
965,49647433,Brady,Hoffman,wallspaul@gmail.com,B
966,63299304,Keith,Jarvis,rodgersangela@fox.net,S
967,63121285,Robert,Bray,stacywarren@yahoo.com,B
968,47337343,Matthew,Hall,joyce23@gmail.com,S
969,32433289,Adam,Romero,wyoung@chandler.com,B
970,75393472,Cheryl,Lucas,william46@knight.com,B
971,59376828,Richard,Salazar,kevin37@archer.com,B
972,65873939,Michael,Higgins,xwells@barry.com,S
973,78836273,Brian,Tapia,lebenjamin@gmail.com,S
974,21553196,Victoria,Wilson,johnsonchristine@powers.com,B
975,82413057,Sarah,Whitehead,stephenserica@young.com,B
976,58831762,Mary,Morrison,hhood@gmail.com,B
977,82227531,Austin,Gill,ybrown@hotmail.com,S
978,97860792,David,Owens,lorimyers@hotmail.com,S
979,41623923,Patrick,Rodriguez,leeveronica@hotmail.com,B
980,38674983,Gregory,Eaton,lewisstacey@gmail.com,B
981,23993846,Morgan,Moyer,nbaldwin@gmail.com,S
982,74757336,Janice,Gonzalez,matthewbowers@bautista.net,B
983,99699642,Chad,Cortez,aaronhill@yahoo.com,B
984,37619343,Jerome,Hall,jodismith@moore-howard.net,B
985,00159708,Jeffrey,Gonzalez,dmurray@blankenship-mahoney.info,S
986,46505118,Luke,Wolfe,fmartin@hall.com,B
987,24175166,David,Mcguire,williamsnorman@anderson.com,B
988,67204755,Jesus,Knox,msmith@gmail.com,B
989,82328375,Marissa,Brown,chanjenny@hotmail.com,S
990,23503786,Sherry,Cole,dianadean@mathews.biz,S
991,02989099,Evelyn,Evans,alicia36@gmail.com,S
992,55590617,Anita,Harmon,annette67@henderson.com,S
993,57471815,Melissa,Davis,floreslindsay@gmail.com,S
994,30466029,Christie,Gill,ejohnson@lang.com,S
995,55606912,Eric,Molina,jeffery70@bell-ross.com,S
996,64304526,Marissa,Wilson,wmcdonald@heath.com,B
997,94534405,Michelle,Wagner,brandy50@nguyen-reese.com,B
998,47193277,Kevin,Dean,brittany02@hotmail.com,B
999,76278464,Amanda,Padilla,devinthompson@hotmail.com,B
