address_ID,address_title,account_ID,addr_street_name,addr_state,addr_zipcode
57623160,DeepPink,55864558,4098 Miller Haven Suite 912,Idaho,63049
29805273,LightSlateGray,17066693,7209 Cox Loop Suite 867,Colorado,29165
86664103,FireBrick,54632950,01057 Mason Plaza,Oklahoma,69210
73373599,DarkTurquoise,78927490,4928 Robert Lane Apt. 674,Alabama,49771
88916569,SlateGray,64027968,382 Webb Points,Nebraska,54511
28573692,Green,20943134,92687 James View,Indiana,97424
41875957,LightPink,12171682,61195 Anita Ranch,Wyoming,20561
81237289,LightGoldenRodYellow,57200729,31451 Duncan Court Apt. 223,New Jersey,32439
83332845,PaleTurquoise,79370424,2575 Amanda Brooks,South Dakota,31456
7107108,DodgerBlue,95096179,5904 Smith Springs,Rhode Island,37568
26612010,Brown,95954547,84566 Kevin Fort Suite 775,California,42353
91915313,DarkCyan,7126413,384 Powers Summit,California,28512
65008249,Moccasin,12709786,28740 Jennifer Port,South Carolina,45642
46438416,Red,42134701,586 Sandra View,Connecticut,15610
46489555,Turquoise,67769186,4402 Lee Greens,Wisconsin,39856
48950527,LightSlateGray,64641409,00710 Richard Course Suite 582,Pennsylvania,55697
84385888,Gold,53359612,0564 Holland Terrace Apt. 472,California,87727
81867073,SlateGray,62695763,26096 Theresa Rest Apt. 290,New York,95349
80919391,DarkSeaGreen,39052605,8598 Compton Summit Suite 243,West Virginia,12585
70395761,Tan,62954532,29798 Katelyn Fall Suite 733,Arkansas,52856
50606344,Tomato,80046561,9233 Joseph Islands Apt. 162,Oklahoma,71292
22251411,LightPink,88367453,81616 Matthew Curve,Maine,70901
7115592,Purple,46235077,376 Davis Inlet Suite 938,Delaware,39247
41343555,LightSeaGreen,2898063,402 Williams Corners Suite 877,Illinois,34048
43967216,Peru,89747742,0995 Charles Cape,Rhode Island,88379
82863500,SlateBlue,7077845,5389 Alicia Terrace Apt. 328,Alaska,32464
17870306,MediumTurquoise,28233930,6452 Pacheco Fall,Rhode Island,85007
47153271,LightSteelBlue,25218084,86298 Morgan Canyon Suite 904,New Mexico,28700
41272947,Chartreuse,5935819,3767 Angelica Way Apt. 687,New Jersey,94080
20423049,SkyBlue,38539305,85635 Rachel Track Apt. 199,New Jersey,46579
265256,Pink,18599169,41729 Frank Isle,Georgia,66848
87751628,BurlyWood,64128238,251 Berger Courts,Maryland,63182
26722757,Aquamarine,94177954,51833 Mullen Well,Missouri,38974
60952363,DarkGoldenRod,59467540,630 Robert Square Apt. 851,Maryland,88244
49605372,MediumSeaGreen,5007448,17200 Cindy Prairie,Nebraska,23772
8950697,PaleVioletRed,28410294,80700 Jones Parkway,Mississippi,52678
23726642,LemonChiffon,97889205,1998 Rollins Inlet,Massachusetts,49036
75330910,Black,3308691,048 Hernandez Bypass Apt. 087,Pennsylvania,15566
22522337,RosyBrown,99114787,277 Jackson Fork Apt. 887,Alabama,57260
56736304,DarkViolet,47252820,452 Guerrero Motorway Apt. 432,Pennsylvania,70340
4630630,MistyRose,70949933,02795 Welch Grove Apt. 786,Mississippi,54767
71693637,AntiqueWhite,10881187,5432 Anderson Freeway Apt. 701,Massachusetts,72482
52552618,PaleTurquoise,62301251,8129 Miller Mission,Rhode Island,56346
82061944,Wheat,35042259,119 Christina Estates Apt. 789,Missouri,56139
66280286,Coral,56872538,0910 Melissa Mill Apt. 016,North Dakota,65279
33908458,GoldenRod,23194571,8367 Victor Dam,Missouri,61761
82506735,MistyRose,57593937,20666 Danielle Summit Suite 465,North Carolina,10533
46183590,SaddleBrown,75314583,4858 David Keys,Indiana,20979
18007947,PeachPuff,35649434,5966 Hahn Valley Apt. 367,Montana,72072
82503901,BlanchedAlmond,78621268,101 Lane Rest,Iowa,67611
37257934,DarkSalmon,82779801,160 Beverly Bridge,Oklahoma,16829
11639763,DeepSkyBlue,24126663,3262 Williams Isle,Texas,70715
27410356,Sienna,63371963,8754 Gray Mountains,Maryland,36128
89396681,MediumPurple,24527576,3798 Davis Cliff Apt. 102,Rhode Island,18203
93183857,IndianRed,68591120,5759 Flores Port,Arizona,9787
86664653,OldLace,27005200,749 Peters Bridge,Nebraska,56998
6991494,DarkOrange,16772250,368 Brown Pike,Georgia,42620
73413141,DarkKhaki,32749632,93741 Richard Mission Suite 384,Arkansas,30487
2703800,Snow,51827410,67979 Christensen Squares,Texas,19508
68947989,SandyBrown,34006368,60678 Michael Glens,New Mexico,83532
85982109,LemonChiffon,28379478,3817 Kenneth Centers,Kansas,46843
41550953,Salmon,84709608,150 Mary Corners,Kentucky,71367
14176685,MediumSpringGreen,49840391,6312 Peter Villages,North Carolina,4101
98701865,Yellow,20291747,221 Lamb Prairie Apt. 211,Nebraska,94247
32002355,Orchid,30154377,59392 Martinez Via Apt. 923,New Jersey,55545
60213532,Gold,887915,987 Shaw Plaza,Michigan,89988
8093943,Crimson,40598581,8934 Jessica Shores,Wisconsin,17613
35629320,GhostWhite,83381270,94556 Cindy Park,Arizona,62067
28389767,OrangeRed,77648082,1827 Stanley Courts,Louisiana,98703
71110929,Fuchsia,91270610,6163 Richard Pike Apt. 185,Massachusetts,55950
20246662,LightSteelBlue,13967062,469 Ann Fall Apt. 830,Mississippi,24634
36929351,LightCoral,15316356,887 Lee Gardens,Minnesota,91752
71164991,LightGray,70785289,592 Jerome Road Suite 451,Louisiana,18647
40548418,OrangeRed,75378950,7748 Karen Corners,Nebraska,77914
53545183,PaleGreen,12397204,410 Estrada River,Rhode Island,50544
36188536,PaleTurquoise,26267753,353 Rangel Forest,Indiana,92653
7571015,Azure,33079226,366 Heather Knolls Apt. 622,Washington,25114
16715721,DeepPink,69609084,35207 Wood Springs Apt. 668,Oregon,44877
6266707,Coral,10979723,303 Brandon Shore,Washington,47382
80034513,DimGray,41986561,677 Roberts Neck,Oklahoma,36437
15697745,MediumSlateBlue,86522106,46167 Gomez Stream,Wisconsin,4427
28000051,FloralWhite,45390876,64599 Newton Lake,New Mexico,32081
30671843,Linen,65370384,9641 Farley Courts Apt. 167,Missouri,86905
80813262,Fuchsia,84538987,9813 Harris Ports Suite 741,Georgia,66097
49225129,RoyalBlue,59587385,757 Carey Lake Apt. 901,Connecticut,75476
67725533,LightSteelBlue,12615407,31550 Joshua Walks,Kentucky,12872
69177699,PowderBlue,20092764,013 Christopher Valley Apt. 713,New Mexico,63706
71321547,Cornsilk,90044441,9174 Whitaker Forges,Nevada,93113
93881548,LightSlateGray,59026440,49836 Adam Valley Apt. 712,Rhode Island,93489
24063265,DarkKhaki,5563784,375 Sutton Squares,Louisiana,70904
85373228,GreenYellow,5344956,9065 Long Lake Suite 396,Virginia,8135
91831156,YellowGreen,66578888,07971 Kaitlin Islands,Tennessee,41843
36687930,DarkTurquoise,56066005,567 Tyler Crossing,Wyoming,9055
41413159,DeepSkyBlue,63270532,13264 Lopez Ridge,Ohio,3593
55206693,SandyBrown,25980066,782 Mathews Ports Apt. 374,Arkansas,51325
90100673,Aquamarine,59283546,30902 Thomas Trail Suite 428,Wyoming,32939
69516108,MediumVioletRed,54736252,04137 Richardson Mills,Alaska,45733
3363416,DeepPink,4018926,489 Jason Spring Apt. 448,Texas,52850
34682869,Blue,49519372,989 Charles Centers Suite 645,Indiana,56317
5477579,MintCream,9042384,779 Nichols Isle,Idaho,6716
72665640,DeepSkyBlue,92934405,376 Woods Falls Suite 475,Washington,41239
66701408,MediumAquaMarine,9521650,25084 Salazar Lock Apt. 966,South Dakota,14964
95488462,Indigo,69415784,0859 Scott Lodge Suite 400,New York,14419
34231142,Fuchsia,70249170,59416 Dawn Drives Suite 622,New Hampshire,91468
97508458,PapayaWhip,96031650,298 Carrillo Estates Suite 419,Massachusetts,74307
66487623,PaleGoldenRod,46231284,086 Jacqueline Wells,Ohio,42574
42809845,LightYellow,6352301,888 Parks Center Apt. 268,Wyoming,88879
65515938,PaleGoldenRod,91705037,56783 Hill River,Utah,23430
76247590,DimGray,64926902,404 Thomas Curve Apt. 163,Hawaii,79570
25203165,LemonChiffon,78539693,53897 Johnson Ranch Suite 247,Wisconsin,92455
30230446,PaleTurquoise,76814136,21162 Chad Brooks Apt. 200,Alabama,39705
14527449,Sienna,52488085,38640 Lindsay Island Apt. 041,New Jersey,89874
26959726,ForestGreen,85959552,884 Zimmerman Ridge,Wisconsin,63402
23614345,AliceBlue,28424741,441 Mark Springs Suite 090,Rhode Island,29090
7848056,DarkViolet,67907434,5062 Brenda Springs Suite 057,Maryland,86596
24327121,DarkKhaki,3568392,521 Smith Pike Apt. 430,Missouri,99803
71882376,LightGoldenRodYellow,47081284,93746 Jenkins Junction Apt. 559,Oregon,54250
8536174,Lavender,76376962,245 Hernandez Gateway Suite 334,North Carolina,26082
96935330,RosyBrown,35468226,039 Mckinney Fork,Missouri,63693
92335660,LightPink,34246283,072 Kaiser Knoll Suite 596,Minnesota,21147
91084095,DarkGreen,18695922,46603 Scott Place,South Carolina,30246
58779248,ForestGreen,42041634,47179 Cruz Court Apt. 769,Washington,23681
60568472,Beige,78046870,3595 Angela Mill Suite 746,Georgia,22087
8654779,Crimson,44972677,55648 James Plain Suite 289,Utah,76410
48534628,DarkOliveGreen,32813258,308 Willie Parkway Suite 768,West Virginia,21589
22020956,MistyRose,63319743,55561 Lauren Crossing,Delaware,96021
30409743,Turquoise,66414377,887 King Island,Vermont,44439
81172856,LightSlateGray,16356931,245 Jennifer Mission Suite 004,Washington,74780
89694374,LightPink,64246574,85676 Kristina Passage,Iowa,59467
58190609,Gray,85119734,207 Dylan Drives,Maine,39722
17406147,Lime,69686856,92842 Torres Lock Apt. 604,Tennessee,67127
47743083,SkyBlue,62267366,2120 Ayala Glen,South Dakota,93834
80511489,Orchid,1581300,815 Sarah Hollow,California,49759
55641562,CadetBlue,63479997,9129 Walls Parkways,Illinois,84904
19111377,Navy,21301056,2849 Calhoun Stravenue,Connecticut,48166
6688233,DeepPink,99876654,377 Trevor Villages Suite 072,Alaska,38701
29662739,SpringGreen,59861928,6734 Newman Passage,Georgia,39475
72122129,DarkOliveGreen,89326565,791 David Crossroad Apt. 942,Texas,25448
79522052,DarkTurquoise,63138504,180 Bryan Islands,Connecticut,70910
62408769,Beige,91597946,810 David Lakes,Maine,42418
46522283,DarkMagenta,70710137,9205 Brad Isle Apt. 290,Arkansas,86443
89104071,Gold,37883379,883 David Light Apt. 757,North Carolina,42508
9157002,PaleGoldenRod,65426234,718 Payne Trail,Oregon,32939
17112000,DarkMagenta,56896435,1443 Patricia Village,Louisiana,96380
36270019,MediumBlue,21671371,419 Patton Corners,Kansas,46149
55854405,LawnGreen,75396374,3244 Hernandez Trafficway,Georgia,77613
2607474,Teal,44245757,39197 Zachary View Suite 743,Tennessee,7287
7794483,Red,86228190,8742 George Highway Apt. 396,New York,72341
45499340,Blue,41133002,3858 Ortiz Orchard,New Jersey,88248
47514775,DarkSalmon,66180050,43395 Shaw Shores Apt. 768,Idaho,93065
15949080,SeaGreen,77111715,2863 Brent Cove Apt. 117,Wyoming,58176
70155846,HoneyDew,21783746,05989 Roberts Estate,New York,1481
26648200,DarkGray,18727579,533 Lynch Field,South Carolina,53479
83954986,SeaGreen,43864348,80830 Lara Bypass,Oklahoma,31749
97820512,Fuchsia,81859566,88625 Hull Glen,Louisiana,18712
38582387,DarkRed,920353,3890 Waters Track,Maine,68134
29007820,Peru,95953861,0540 Kyle Mission,New York,73408
77793195,LightSkyBlue,99483081,9078 Dean Highway Suite 188,Nebraska,6085
11467519,Linen,95489193,791 Wagner Station,Ohio,25853
94080766,LightYellow,66578451,617 Oliver Court Suite 739,Tennessee,86175
24153911,Beige,83357763,183 Torres Crest,West Virginia,76747
3691632,Tomato,32755862,57405 Jeanette Shoals Suite 693,Maryland,69132
27324912,DarkSalmon,70547122,544 Gould Brook,Indiana,95389
8498441,RoyalBlue,88333052,1353 Kimberly Hill Apt. 293,North Dakota,57781
6711757,Moccasin,73437147,564 James Loop Suite 172,Alaska,97784
84778116,DimGray,49121506,4963 Scott Light,Wisconsin,73955
64434322,Gold,26174389,156 Finley Junctions Suite 166,Oregon,28067
37327378,Gainsboro,15867735,45982 Norman Dam,Virginia,2019
4620273,DarkTurquoise,37585754,08250 Leslie Stravenue,Virginia,7427
61738584,LightSteelBlue,84752406,51605 Emily Isle,Arizona,98687
41447086,Maroon,70973600,5542 Mason Plains Apt. 738,Illinois,26031
58467213,Peru,66710592,100 Angelica Hills,Wisconsin,60341
17188296,Maroon,9318632,732 Sanchez Street,Hawaii,33458
59236603,Bisque,55094122,6812 Alyssa Ports Apt. 877,Alaska,85853
33113265,NavajoWhite,99587536,7087 Norman Mission,North Carolina,21972
25810103,Navy,2788845,9438 Rivera Highway,Kansas,98304
39348968,LightGreen,93209762,61363 Atkinson Prairie Apt. 078,Kansas,22758
51363666,LemonChiffon,86548885,38973 Cheryl Crossroad Suite 619,Montana,77864
15486790,CornflowerBlue,38102967,01784 Carlos Corner,Mississippi,49090
82483333,DarkSeaGreen,94315028,252 Lauren Roads,Hawaii,53361
79079914,Olive,7083075,076 Faith Pines Apt. 085,Idaho,77088
55688031,DarkGreen,34550120,9012 Garcia Pine,Washington,15922
95154831,Blue,24439114,33600 Davis Route,North Carolina,85117
81991587,LightGoldenRodYellow,80816232,168 Sims Squares,Massachusetts,82661
1809091,WhiteSmoke,15934345,223 Michelle Stream,Minnesota,20046
99145910,Bisque,32324013,840 Figueroa Land,Vermont,20493
13280512,LightYellow,55599986,9702 Juan View Suite 576,New York,58392
41235027,MediumOrchid,19735726,95346 Harding Bridge Suite 583,Rhode Island,996
70792485,MediumSlateBlue,58015278,1990 Mary Walk Apt. 598,California,69732
96684573,Aquamarine,29813339,672 Rocha Hill Apt. 968,Idaho,64280
29424511,Fuchsia,41439326,9444 Patel Street,Nevada,77355
89936085,PaleGoldenRod,970464,88854 Jessica Springs,Alaska,2079
68726768,LightCyan,39600424,819 Figueroa Rapids,Mississippi,16160
93999571,MediumSpringGreen,76567681,1762 Marsh Coves Apt. 780,South Carolina,35639
27585306,Cyan,15769251,43228 Higgins Orchard Apt. 697,Utah,7696
1960891,Crimson,8442536,421 Rogers Rue,Arizona,10681
71351100,Aquamarine,99199081,53072 Mark Views,Washington,20217
65390726,LightBlue,74391608,4286 Coffey Court Suite 797,Indiana,3620
51401368,LightYellow,41091555,94994 John Cliff Apt. 583,Rhode Island,6644
80812616,MidnightBlue,819886,18994 John Plain,Tennessee,15455
91549204,Purple,64213132,749 Benson Manors,Louisiana,95529
68017040,DarkOrange,58514122,670 Teresa Land,Missouri,31192
97170433,Silver,12014163,932 Colin Springs,New Mexico,59340
85679085,Chocolate,88121321,15912 Brown Harbors Apt. 749,Montana,31055
42895992,Fuchsia,50015542,6458 Johnathan Shore,Mississippi,14243
31318068,LimeGreen,45515491,533 Ryan Lights Suite 730,Alabama,4276
88561295,SandyBrown,17803489,8972 Lisa Junctions Apt. 833,Oklahoma,8610
25395419,Black,2148526,34812 Katherine Valley Apt. 382,Kansas,20214
55925259,LightSeaGreen,220941,58604 Christine Village,Alabama,83232
22052162,Aqua,80978848,139 Harvey Run,Nevada,33498
48114189,SaddleBrown,2488677,476 Robert Station Suite 936,Nevada,71781
28382546,MintCream,97705307,592 Bryan Freeway Apt. 469,Washington,3787
36276318,LightSlateGray,45256912,858 Torres Lake,North Dakota,15656
80724100,MediumSpringGreen,52910234,386 Miller Coves,Alabama,98986
83884764,MediumVioletRed,62422444,06403 Paul Hollow Suite 490,Illinois,32581
81834464,Khaki,22128669,172 Miguel Roads,Mississippi,44616
96214589,Navy,67153251,1863 Rowe Shore Suite 025,South Dakota,93880
432283,Violet,22158130,1716 Valdez Corner,Georgia,88652
3457894,Green,92112773,8161 Hodges Alley Apt. 073,New Hampshire,5535
34125243,SlateBlue,47496118,882 Henderson Center,Nebraska,61960
58875292,RoyalBlue,91169419,54159 Garrett Squares,Kentucky,75259
48343701,Fuchsia,1860528,9678 Frey Common,Idaho,986
92588288,DarkSlateBlue,81016891,8848 Hall Hill,Tennessee,72028
36414024,PaleTurquoise,43505616,71062 Gray Green Suite 713,Rhode Island,75547
26775128,DarkMagenta,21247507,047 Samuel Alley Suite 181,Utah,90979
16876538,MediumOrchid,10879283,99021 Joy Loaf Suite 036,Oregon,65895
66785569,BlanchedAlmond,4927587,4168 Conway Bridge Suite 801,Maryland,19234
91135469,DodgerBlue,10348772,616 Mark Causeway Suite 327,Kentucky,95488
74599851,LightSkyBlue,45601378,423 Parker Creek Apt. 797,Mississippi,41996
7655234,Pink,87254570,560 Yang Park Apt. 801,Minnesota,94623
97834748,RoyalBlue,40385600,59229 Dan Viaduct,New Hampshire,49791
47879140,Maroon,51799267,189 Walker Parkways,Louisiana,77513
17925730,Pink,34333112,01289 Zachary Forks Suite 055,Wisconsin,57630
22140876,LightSeaGreen,41564028,864 Derek Ferry Suite 121,Pennsylvania,60218
12277988,Bisque,43869114,1713 Barnes Fall Apt. 008,Vermont,44391
82753924,Azure,74042845,2732 Roberson Stravenue,Pennsylvania,38728
66092582,LimeGreen,49746419,82064 Silva Street Apt. 800,Maryland,57998
30590298,LightCoral,82355746,41099 Sullivan Walk,Hawaii,66216
64730219,LightSteelBlue,48383042,99659 Wong Grove Apt. 487,Arkansas,42688
38535277,LightCyan,86640138,30567 Campbell Ridges,Colorado,28695
53415516,LightCoral,28816287,4434 Snyder Vista Apt. 116,Minnesota,75915
14940040,PaleGreen,78152328,503 Tammy Course Apt. 533,North Carolina,53856
41431764,Chartreuse,88081410,955 Ashley Curve Suite 727,North Dakota,28881
83514579,Black,11415251,5497 Torres Throughway,Nebraska,70418
78531215,OrangeRed,25383751,63931 Henderson Turnpike Suite 623,New Hampshire,89724
72498071,Maroon,61670075,383 Hailey Stream,Texas,25620
61781399,RoyalBlue,22750785,7238 Chavez Fords Apt. 102,Illinois,77376
77843616,PeachPuff,60284723,83154 James Plains,New Hampshire,24396
37027551,DarkOrchid,47586192,37240 Wilkinson Crossroad Apt. 201,New Mexico,62875
58485132,Lavender,92587960,204 Jorge Plain Apt. 134,Minnesota,56528
77217189,MediumSpringGreen,76198113,62782 Wallace Point,Kansas,16114
36900145,Wheat,52469909,6399 Devin Plain,Colorado,72098
74125005,DeepSkyBlue,85944138,812 Penny Creek,Idaho,87358
54245976,LightSeaGreen,18116908,4013 Richard Cliffs,Texas,22743
39691392,Thistle,12208555,3700 Gonzales Ferry Suite 302,Arkansas,67760
86406598,PaleTurquoise,33122182,1270 Chelsea Circle,New Mexico,67590
15174000,BlueViolet,5037070,47005 Ray Brook,Kentucky,48509
91143235,Yellow,59061229,78350 Dominguez Harbor Apt. 864,Connecticut,83460
81027835,CornflowerBlue,77315373,529 Tyler Trace Suite 164,Alaska,29039
927895,Aquamarine,43345427,9235 Ariel View Apt. 633,Pennsylvania,82197
17613507,Gray,22869609,50826 Bridget Road Apt. 270,California,96883
53742384,MediumVioletRed,60257642,8444 Jason Burgs,North Dakota,37027
41088227,MediumOrchid,52445576,662 Daniel Courts,New Jersey,36355
69107535,Khaki,82404611,60596 Steven Oval,South Dakota,5116
29742882,Azure,61001107,765 Joseph Knolls,Minnesota,49635
71989556,MediumAquaMarine,40539683,310 Jon Circles Suite 974,Illinois,90046
75437107,LawnGreen,79766968,2264 Michael Drive,Minnesota,81287
90348228,Peru,27951538,19386 Riley Mill,New Mexico,41808
30875463,DarkSlateGray,79332828,962 Shaw Plain Apt. 352,Kansas,22232
66098157,Purple,48938532,674 Fuentes Ports,Utah,72330
64153278,Salmon,98697540,8403 Jane Isle,Kansas,34492
46841452,NavajoWhite,51448561,791 Lynn Road,Georgia,13218
59857419,Gray,90386244,49464 Thomas Ridge,New Jersey,4720
21504372,SandyBrown,90770784,42914 Debbie Prairie Apt. 629,Nevada,97167
32345889,SeaShell,55251471,2830 Palmer Glens Apt. 143,Rhode Island,72041
82967413,MediumOrchid,75052317,567 Vanessa Viaduct Apt. 770,Kentucky,60523
21001376,Salmon,82388232,488 Duran Brooks,South Carolina,62852
90751349,NavajoWhite,59695493,96748 Derrick Square Apt. 681,Illinois,20448
14094613,DarkOliveGreen,67486212,38133 Jasmine Islands Suite 782,California,68258
73243977,OrangeRed,11055174,4346 Little Junctions,Kentucky,22174
14731907,HoneyDew,72866030,64419 Ana Junction,Michigan,61698
52557156,SkyBlue,31730136,8090 Harding Square,Nebraska,10314
97733690,LemonChiffon,97742135,04571 Andrew Centers Suite 927,Washington,97168
4963516,LightSlateGray,52867279,21069 Hunt Courts,Oregon,17984
4746607,Teal,20659110,788 Moody Mountains Suite 808,North Carolina,67255
34311967,SlateBlue,22000170,802 Gomez Fork,Michigan,83924
55450263,FireBrick,16244993,01829 Ethan Courts,Hawaii,43142
76042904,MediumSeaGreen,5231300,09549 Woods Alley Apt. 515,Utah,3955
85043145,Gainsboro,74683277,9336 Gonzalez River,Wisconsin,14366
82986896,GoldenRod,13427122,426 Danielle Passage Apt. 075,Maine,39068
68540500,Maroon,31338226,38872 Hughes Glens,Maryland,50506
79629737,Crimson,67609673,88547 Martin Ramp,Minnesota,95427
14485251,DarkGray,922005,96904 Rodgers Groves,Arkansas,50279
14191862,Gold,3673447,8367 Nicholson Oval,Arizona,27164
35105497,SaddleBrown,60165190,258 Wright Shoals,Colorado,70081
15356697,Tomato,50174591,210 Gregory Cove Apt. 948,Minnesota,7678
63379204,DarkCyan,23407657,8416 Cameron Isle,Missouri,26516
11509912,Chocolate,89645468,493 Robert Isle,Oklahoma,34146
43953998,DarkGoldenRod,73791737,53163 Sheila Landing Suite 082,Minnesota,6576
22854162,Tan,69006852,65024 Sydney Rapids Apt. 466,New Mexico,30186
81821068,Bisque,45988172,16688 Nancy Turnpike Apt. 847,Delaware,97903
90229190,LightSalmon,72478905,65639 Valerie Rue Apt. 379,Connecticut,71364
24915984,Orchid,9997943,593 Chan Meadows,Florida,64932
4578413,ForestGreen,85855915,8902 Bradley Ford,Maine,17933
14375026,LightSkyBlue,59488224,3577 Paula Oval,California,22911
75409548,DarkRed,33197470,9126 Holly Cove Apt. 823,Illinois,98915
3255353,LightSkyBlue,1674903,62722 Miller Plaza Suite 287,Colorado,42908
48341592,AliceBlue,53264114,09719 Tonya Shores,Vermont,93590
42332855,MediumAquaMarine,54848542,285 Lauren Point Apt. 114,Vermont,52971
87934083,LightSteelBlue,21659775,1790 Davis Overpass,Illinois,86899
56600636,LemonChiffon,72825945,1784 David Ford Suite 551,Ohio,89697
60370952,Khaki,75229085,0069 Morgan Ridge Apt. 687,North Dakota,49716
20041724,PaleGoldenRod,28305460,6118 Young Stravenue,Iowa,39492
85683808,MediumAquaMarine,35435686,41537 Lisa Fort,Ohio,33811
43803811,LemonChiffon,84337948,091 Cody Street,Colorado,95536
8050052,Gainsboro,62156165,811 Dwayne Roads,New Jersey,35515
52362354,Fuchsia,98460069,7923 Jill Fords,Arkansas,6660
48328203,Chartreuse,96552056,375 Rojas Shore Apt. 295,Maine,82751
32937428,AliceBlue,21551741,71500 Manuel Turnpike Apt. 485,New York,14329
82570415,ForestGreen,89331637,573 Robert Knolls,Georgia,36436
22618535,LightGreen,41989470,31236 Hawkins Springs Suite 543,Virginia,6106
87496307,DarkKhaki,55595780,915 Murray Inlet,New Hampshire,54552
55381871,AliceBlue,35334309,99210 Hood Island,Arizona,87896
81571147,WhiteSmoke,37787684,5628 Hall Square Apt. 899,Connecticut,17928
20077259,SeaGreen,53772701,26065 Johnson Cape Suite 603,Texas,18215
14191183,LightSeaGreen,43749416,27718 Webster Forks Suite 442,Wisconsin,89796
3158593,Cyan,4306924,118 Adam Hill Apt. 424,Mississippi,5363
41141106,AliceBlue,65202661,62856 Raymond Pines Apt. 565,Oklahoma,86354
74346714,Chartreuse,88193861,59455 Cheryl Creek,Colorado,48159
50416868,DarkGray,98863839,25836 Daniel Lakes,Michigan,46237
91396556,PaleTurquoise,19486345,9779 Allen Orchard,Alaska,97565
61322332,Chartreuse,99771577,70912 Rachel Center,Illinois,90722
23575684,MediumSpringGreen,68323332,72549 Patricia Route Apt. 459,Missouri,60477
76446177,IndianRed,84795014,7265 Jeffrey Summit,Arkansas,97130
92757875,OldLace,96053515,125 Davis Bridge,Hawaii,54837
58293850,Magenta,99183783,811 Chavez Via,Oregon,10315
87619249,DarkGreen,47160095,76973 Tiffany Path,New Mexico,95008
34644195,Ivory,47928480,35327 Kevin Ridges Apt. 317,South Carolina,18007
73990420,Black,78581326,5632 Latoya Estates Apt. 758,Utah,18233
6221836,Gold,88620459,605 Natasha Drive Suite 595,Wisconsin,80303
8762931,PaleGoldenRod,39354372,41248 Mahoney Turnpike Suite 562,South Dakota,53410
29618095,Silver,28745693,21850 Taylor Harbor,Montana,30852
81490134,Magenta,33591308,380 Adams Run Apt. 715,New Jersey,16618
34023761,MediumOrchid,11321163,4403 Joanna Plaza,Maryland,59436
76724732,LemonChiffon,89870037,8951 James Pike,Washington,90950
20438388,Salmon,35823872,42907 Conrad Fields Suite 297,Wyoming,98425
78345584,MediumAquaMarine,30299801,9820 Williams Cape Suite 371,Mississippi,30082
92881365,LightPink,23437371,8097 Adam Mill,Connecticut,12845
57306629,MistyRose,74536283,484 Phyllis Burgs,Pennsylvania,54807
59359487,Tomato,40076966,933 Jacob Village,Tennessee,52159
3789520,LightGreen,38709302,72059 Russo Inlet Apt. 932,Virginia,40177
49778564,Pink,42063582,43220 Johnson Gateway,North Dakota,86810
14217418,LightBlue,87402162,4792 Taylor Spurs,South Dakota,50906
33803845,Maroon,8177797,95274 April Ports Suite 804,Ohio,20314
3530122,PaleGoldenRod,82369880,7698 Miller Club Apt. 112,Idaho,39408
47306295,Black,93974905,4095 Wolfe Canyon Apt. 100,New Jersey,46458
274647,SandyBrown,84193247,8862 Patterson Court Apt. 103,West Virginia,58547
82717230,Sienna,56086164,45717 Derek Squares Suite 379,Ohio,34775
22217097,GoldenRod,62562706,1527 Dean Way,Georgia,41922
90291968,Navy,28639671,642 Ibarra Flat,Michigan,23218
68536886,Snow,98506163,523 Bates Lodge,Nebraska,40654
7001420,Orchid,78132450,99338 Daniels Spur,Minnesota,27988
69761287,Moccasin,64854038,8136 Graham Islands,Delaware,48817
26090696,SkyBlue,61204171,538 Kenneth Springs Suite 608,Alaska,87249
68699291,Yellow,64307718,88674 Amanda Trail Apt. 547,Pennsylvania,98331
22420176,MediumPurple,86580298,5127 Walker Pines Apt. 873,Vermont,92547
25724165,DarkSeaGreen,95153797,9363 Andrea Junction,Connecticut,20222
51843564,Ivory,50374274,34301 David Passage Suite 876,Illinois,18110
96393291,Bisque,28271826,347 Kelly Roads,Ohio,33893
35904755,MediumTurquoise,38321757,1814 Nelson Isle,Wisconsin,62396
46202710,Lime,39861313,49584 Moreno Orchard,Alaska,97535
43273379,RosyBrown,85623989,704 Robert Forest,California,96318
46778222,WhiteSmoke,32496345,452 Xavier Spurs,North Carolina,13828
76975486,DarkCyan,26464374,44275 Austin Oval,West Virginia,44118
14731402,AntiqueWhite,1990874,519 Ramsey Summit Apt. 096,Ohio,41159
86932486,SeaGreen,44336400,5683 Theresa Islands Suite 482,Alabama,66318
88330181,OldLace,71911236,503 Harris Mountains Suite 475,Illinois,45709
24110563,MintCream,87231953,1481 Corey Meadows,New Mexico,18089
18709827,Azure,69934100,54270 Johnny Terrace,North Dakota,21518
4392729,MediumSpringGreen,10010884,62635 Mcgee Greens Apt. 908,New Hampshire,41267
77090232,MintCream,1533712,3910 Elizabeth Field Suite 444,Nevada,71236
82227340,SpringGreen,4888345,0013 William Heights Suite 702,Oregon,69569
64184647,RosyBrown,59017196,78235 Ward Valleys Suite 399,Connecticut,77044
99765064,Orange,61014848,44828 Romero Summit,North Carolina,42631
8370105,Beige,75145064,315 Armstrong Shores Apt. 741,Montana,97238
64258973,Navy,11688228,595 Michael Springs Suite 740,Nevada,30340
56624403,Chartreuse,69005152,87061 Benson Pine Apt. 345,California,89517
64419961,PaleGoldenRod,68815400,82875 Derek Gardens Apt. 754,Montana,41130
18451795,Black,11667018,8015 Todd Row,South Carolina,48970
7442889,LemonChiffon,83320163,992 Mcdonald Stream Apt. 457,Wisconsin,48376
44860363,LightSlateGray,91626745,85770 Lori Motorway,Michigan,61605
93825863,SlateBlue,27282977,296 Matthew River,Hawaii,46654
38366451,LightYellow,8769077,94206 Cook Parkways,Delaware,4875
42969662,Tomato,351171,05657 Ball Creek,New Mexico,8051
57422510,MediumSeaGreen,38730801,94232 Tina Wells,New Jersey,38635
27406687,Pink,49261417,16449 Graham Plain,Delaware,8394
21457043,OrangeRed,94483642,5227 Michael Centers Apt. 247,Illinois,86717
83086069,LightGoldenRodYellow,89955055,03780 Adam Terrace Suite 230,South Dakota,91355
92025417,LightSlateGray,30925014,86662 Turner Rapid Suite 068,Florida,98060
31948227,MediumVioletRed,62390194,4381 Gonzales Mission,Illinois,78455
58136379,DarkGray,31225793,04450 Eric Fords Suite 924,Alaska,64491
93617673,Chartreuse,656252,2545 Evans Trail Suite 551,Arkansas,41980
2207445,Gainsboro,80764663,12756 Clay Street,Kansas,15582
14011849,HotPink,49331974,55374 Sellers Burg Apt. 898,Wyoming,25372
83184635,PeachPuff,11511045,950 Barbara Spur Apt. 225,Nebraska,52734
94471861,Navy,93069793,15674 Tina Path,Idaho,58936
15307590,Snow,95419893,032 Courtney Motorway,Iowa,90576
60978158,PaleGreen,62233149,88440 Taylor Bridge,Ohio,65104
69821523,LightGray,82760403,70889 Becky Drive Apt. 796,Washington,34900
65685426,DarkViolet,32977776,52114 Joshua Park,California,42529
34817896,Gold,22167798,177 Michael Passage,Virginia,60086
75048686,Tomato,98324828,0115 Mary Valley,Colorado,42389
96645765,FireBrick,64300078,229 Shields Station Suite 418,Idaho,93746
80711520,PaleVioletRed,69181856,3942 Scott Manor,New Mexico,21708
44269111,HotPink,43199723,00923 Romero Rapids Suite 416,New Hampshire,33470
28811596,Navy,5009152,13784 Jamie Villages,Ohio,57812
75907532,Crimson,86552868,60223 Flores View Apt. 019,Michigan,31649
43693023,MediumOrchid,36154104,64927 Stacey Mountains,Idaho,46102
59465157,PapayaWhip,97952282,883 Fisher Pines,Hawaii,52912
31648486,White,11424420,982 Ryan Keys Apt. 103,Illinois,24376
7235344,LightSkyBlue,46404602,6895 Watts Alley,Louisiana,97367
42254737,PaleGreen,16532939,17505 Williams Corner,North Carolina,61664
17434140,LightPink,28182801,2715 Alexander Corner Apt. 830,Kentucky,14218
75511371,Red,48242899,07151 Fitzgerald Isle,Alaska,45418
8386458,Lavender,28332176,2567 Whitney Stravenue Apt. 588,Nebraska,1266
41431016,DarkGray,59434665,163 Morales Shoals Apt. 120,Vermont,85551
54488557,GhostWhite,2272115,625 Christopher Garden Suite 615,Mississippi,36425
70244670,SeaGreen,15739247,160 Oliver Ways,Iowa,88727
75491215,Salmon,15735782,8860 Nicholas Plains Apt. 929,Louisiana,15626
78057142,Beige,54983496,606 Lamb Spring Apt. 239,Vermont,10254
45983917,Pink,55982894,44992 Calderon Street,Washington,39217
4204220,DarkOliveGreen,28580317,216 Mccarthy Stream Suite 527,Virginia,1434
46125255,LightSeaGreen,33030494,3614 Walton Stream Suite 625,South Carolina,7616
80073574,SeaShell,57279268,30420 Janet Point Suite 522,Oklahoma,17009
50626106,MediumSpringGreen,9168541,78385 Mcbride Mission Apt. 070,Nebraska,65482
14134760,MediumSlateBlue,77181855,5858 Melanie Estate Apt. 042,Alabama,69426
34221341,LemonChiffon,670197,771 Lewis Lights Suite 767,Kansas,12856
80118152,Purple,9278097,072 Jessica Mills,Wisconsin,82678
26271897,MediumSeaGreen,89238592,308 Barrett Creek,Rhode Island,64589
54275072,LightGray,95233963,5885 Kayla Gardens Apt. 322,Florida,10725
66867050,Magenta,59659723,95345 Barnes River,Illinois,6944
69036262,DodgerBlue,58710081,0253 Helen Mission Apt. 673,Maine,44428
2358062,ForestGreen,37582081,30370 Kimberly Court,Indiana,62178
10455630,Turquoise,72968802,57519 Christopher Plaza,New Mexico,46041
97299028,SpringGreen,43437597,2759 Pratt Drive,Montana,87300
75811600,Green,12901760,4516 Davis Via Apt. 688,Kentucky,1401
7704079,LightGray,3266748,2654 Rosales Estate,Iowa,69987
60084668,MediumSeaGreen,41376522,6854 Brian Port,Delaware,77933
10954225,Crimson,72154687,576 Robert Radial,Mississippi,51860
40787404,MediumSpringGreen,70152050,51689 Stephanie Wells Apt. 162,Ohio,8465
76209703,Black,82058777,642 Murphy Summit Suite 752,Colorado,76019
88200934,SpringGreen,38296178,897 Moreno Plains,Pennsylvania,10785
15217011,Fuchsia,75406271,95291 Holmes Stravenue Apt. 937,Pennsylvania,51531
16603110,Olive,34214695,51567 Bowman Islands,New Mexico,2023
51151737,PapayaWhip,36318728,619 Melissa Spring Suite 658,Pennsylvania,28924
66746942,Moccasin,89174531,754 Matthew Drive Apt. 841,Maryland,48221
4561286,Coral,38586163,196 Kerr Oval,Nebraska,49033
72188866,Salmon,37657796,5160 Bird Shoal Suite 143,Alabama,80593
63017557,Crimson,61606975,6658 Whitney Valley Apt. 966,Massachusetts,97975
17073745,DarkOrange,47471757,62802 Fisher Fields,Arizona,77764
21505348,Linen,13408695,9511 Jones Crest Apt. 004,Washington,44878
52159497,LightYellow,29878598,86488 Martinez Drive Apt. 346,Kansas,70518
68309596,Bisque,71514741,998 Thompson Glen Suite 591,South Carolina,49057
12271665,CadetBlue,23841994,5986 Garza Hill,Idaho,14713
50971282,MediumTurquoise,96160794,144 Clark Lights Suite 145,Nevada,94575
19556291,CadetBlue,59289432,17338 Kelli Prairie Suite 262,Michigan,40831
76921049,SlateGray,91057440,951 David Alley Apt. 791,Idaho,51008
45244582,Peru,47998681,13014 Martinez Freeway Suite 731,New Jersey,61245
66687573,Brown,28481881,080 Welch Ranch,New Jersey,22480
17934138,MidnightBlue,54320123,46777 Kevin Village Apt. 900,Rhode Island,43205
86569330,DarkRed,93592420,6965 Marie Mission Apt. 362,Wisconsin,93198
71520537,LightGreen,67409020,02605 Gray Fields,Louisiana,97574
53143921,LightSkyBlue,45939174,918 Lewis Estate,Wisconsin,20050
28656548,DarkViolet,59502845,16277 Rebecca Spur Suite 754,Wyoming,64374
25016253,FloralWhite,68292553,542 Wells Stravenue,Wisconsin,80710
54358980,LightCyan,45878039,353 Max Spur Apt. 015,Nevada,76983
15937865,Brown,48323895,2084 Willie Loaf Suite 499,Nebraska,28286
63461640,Ivory,63453515,43887 Stephanie Junctions,Minnesota,76668
46555434,Turquoise,3066430,92119 Hernandez Lakes,New Mexico,89017
62781282,PaleVioletRed,21757525,12407 Morgan Expressway Suite 101,Utah,42368
34809952,MediumBlue,23917675,22388 Taylor Orchard,Wyoming,67594
17628662,Violet,76975202,995 Garrett Unions Apt. 141,Montana,92421
99492878,Bisque,75869755,62475 Moody Light Apt. 071,Ohio,24661
13700584,DarkViolet,21328480,3247 Michael Gardens,Kansas,70289
34071250,Azure,23891036,1523 May Highway,Oklahoma,68056
43590032,DarkOrange,99209131,24937 Samantha Cliff Apt. 315,Wyoming,88580
41407202,SpringGreen,7931673,12606 Eric Heights Apt. 601,Georgia,1901
89828687,DimGray,78211599,556 Brady Ville Apt. 249,Idaho,62068
45933943,Aqua,73026617,35191 Garcia Junction,Idaho,60432
95644035,Peru,86910958,8089 Saunders Park,South Carolina,96991
85047549,DimGray,39095220,4972 Jon Drives,New Hampshire,22001
26358116,OliveDrab,65674574,524 Williams Common,Kentucky,12518
54876323,Lavender,21690730,950 Rodriguez Fort Suite 967,Nebraska,87487
79590815,DarkCyan,67877799,0697 Shaw Passage,Idaho,53889
22218223,Moccasin,21328688,80311 Mitchell Island,California,44065
32036565,DarkSalmon,41565094,79685 Jonathan Mountains Apt. 387,New Jersey,16623
25451108,DimGray,80322566,57701 Nichole Port,Tennessee,12991
73653974,Gainsboro,7270345,24638 Fletcher Stream,West Virginia,13678
54023543,Aqua,34269312,60223 Ana Ramp,Hawaii,97013
94940428,ForestGreen,12712366,3967 Lisa Creek Apt. 699,New Hampshire,98741
10387177,Linen,44004798,20909 Katherine Place Apt. 768,New Hampshire,69717
92307490,DarkOliveGreen,49896176,72344 Griffith Squares,North Dakota,46883
7367670,DarkRed,61222403,16606 Choi Turnpike,Vermont,64305
60183453,Gray,95505633,498 Donaldson Walks,North Carolina,17922
52760006,LawnGreen,63526011,474 Karen Greens,Pennsylvania,72858
59084389,WhiteSmoke,13473709,914 Susan Fork,Wisconsin,92083
55383189,LightSkyBlue,88960371,7491 Catherine Ways,Idaho,8986
91763709,Aqua,16298163,228 Emily Freeway,Pennsylvania,69136
80772835,LightSeaGreen,81687879,77819 Estrada Ridge Apt. 415,Tennessee,73828
36941803,DeepSkyBlue,47296169,6407 Chen Creek Suite 386,Washington,883
96040560,Tomato,27392119,4227 Erika Estate Suite 528,North Carolina,28663
94043679,MediumAquaMarine,13535292,325 Mclaughlin Summit,Maryland,77062
79879026,Fuchsia,73248484,3913 Brenda Club,Massachusetts,68511
64020969,NavajoWhite,36817023,76580 Megan Stravenue Suite 506,Texas,54052
74587858,LightGray,69983887,14741 Caleb Well,Vermont,72279
42039457,SandyBrown,77655127,0645 Nicholas Mews Apt. 588,Tennessee,85440
85850729,Cornsilk,78059245,7532 Ann Springs,Oklahoma,5840
80994251,DarkSlateBlue,71726526,15381 Stone Pine,Massachusetts,76957
56052343,DarkRed,15311566,148 Jamie Parks Apt. 660,Wyoming,89383
90508394,FireBrick,35140689,34242 Rivera Pike,Connecticut,69631
93068468,AntiqueWhite,59376842,39394 Jason Way,Massachusetts,9303
96737569,BlanchedAlmond,56806755,93771 Randall Station Suite 765,Mississippi,99672
31332958,AntiqueWhite,87950717,17177 Matthew Plain,Hawaii,54502
67895816,DimGray,51584245,70180 Nguyen Cliff Suite 916,Colorado,39633
78297371,Ivory,75792053,83108 Schaefer Views Suite 713,South Carolina,16621
27767597,Gainsboro,21722516,802 Jose Bypass Apt. 786,Kansas,13878
47812000,PaleVioletRed,58455166,9101 Samuel Expressway,Hawaii,83770
25242867,DeepSkyBlue,96231166,8771 Hawkins Crescent Suite 107,Massachusetts,98852
76284571,MediumSpringGreen,62210898,605 Jose Springs,Wyoming,12406
53539618,LightPink,53649799,001 Molly Rapid Suite 461,West Virginia,95848
81402854,BlueViolet,28106593,84776 Wilson Street Apt. 912,Kansas,27796
78693449,Chartreuse,53798572,4952 Brittany Isle Apt. 101,Missouri,85730
60895851,PowderBlue,42066255,541 Hicks Meadows Apt. 425,Minnesota,19387
24213837,PaleGoldenRod,97165088,682 Nelson Dam Apt. 671,New Jersey,56535
17757218,GreenYellow,83172472,59711 Wilson Bridge Apt. 693,South Dakota,8964
50565825,HotPink,8719706,054 English Garden Suite 561,New Mexico,95644
37736996,DarkKhaki,16629400,834 Gonzales Knolls,Michigan,32081
35722458,DarkBlue,10153987,110 Santiago Gateway Apt. 551,Georgia,55051
10068236,RoyalBlue,95802435,99077 Cowan Drive,Nebraska,20948
40462561,Gray,91992383,0074 Williams Route Apt. 404,Nebraska,14178
37694760,LightGreen,53718594,8958 Vaughn Mountains Apt. 226,Minnesota,16396
27186602,ForestGreen,41108277,45180 Silva Loaf,Maryland,97986
30668744,LightSkyBlue,12767236,14856 Mclean Ramp,Tennessee,13849
85151512,Aqua,54581913,776 Vaughan Summit Apt. 229,New Mexico,62327
73179207,Thistle,88393728,674 Jacob Crossing Suite 839,Oklahoma,3016
23024663,LightGreen,62082280,54872 John Landing Suite 725,Maine,51484
23401518,OrangeRed,98589913,8401 Greer Crescent Suite 821,California,37977
14794346,Black,47424463,4350 Dakota Gateway,Wisconsin,38100
61655171,Turquoise,57099347,380 David River Apt. 207,Hawaii,13868
47744868,Ivory,14340895,5437 Sarah Ranch Suite 524,Delaware,41944
37962227,Turquoise,8670144,1376 Clark Haven Apt. 235,Texas,72376
28570981,MidnightBlue,21523502,711 Jessica Neck Apt. 469,Oklahoma,21674
43831630,Turquoise,63404425,06484 John Turnpike,New Mexico,18832
14519727,LightGray,54993235,6193 Lindsey Viaduct,Hawaii,76395
64646831,PeachPuff,70122886,99330 Rubio Circles,South Dakota,44438
8996930,Azure,82279011,08416 Megan Fall,Montana,50186
25260885,Thistle,72820049,399 Sarah Ports Apt. 748,Delaware,91363
25650198,YellowGreen,25432329,332 Christopher Shoal,Florida,60436
24787598,SandyBrown,20618353,17763 Thompson Pines Suite 048,Illinois,27794
99489434,Lavender,23276291,906 Devon Turnpike,Illinois,98529
32190137,LightSeaGreen,89132586,900 Michelle Lake,Connecticut,39451
60840721,DarkSlateGray,69968624,9738 Duncan Throughway Apt. 164,Oklahoma,89615
44647544,MediumTurquoise,51024680,52529 Rodriguez Lodge,Nebraska,40310
72604908,Tomato,86383318,8045 Sullivan Burgs,Colorado,60935
61650985,LavenderBlush,58130797,160 Mills Island,Delaware,8812
23992382,HotPink,90443107,1998 Nixon Gateway,Massachusetts,98130
11053583,SlateGray,52118050,172 Krista Fork Suite 867,Wyoming,24987
35611806,DarkGreen,54971936,48424 Wayne Points,Florida,49666
1477634,Chartreuse,44737412,6583 Anderson Coves Apt. 227,Nevada,55885
68227708,Wheat,74235339,757 Heather Fords,Idaho,49894
84797858,Green,60951960,7067 Michael Shoals Apt. 747,Wisconsin,89296
87217605,IndianRed,2311425,0730 Joshua Loop Apt. 622,West Virginia,64212
89201381,White,15346964,11094 Valencia Dale,Kansas,7365
92414662,Beige,28096634,08931 Ward Mission Apt. 693,Ohio,35660
54966369,Black,61048669,1778 Khan Canyon Suite 683,Missouri,76816
78803091,Aqua,17328654,9110 Gary Trail,Ohio,44632
70060485,AliceBlue,71519302,9613 Wright Common,Colorado,92152
4016359,PaleGoldenRod,74526024,13924 Jody Fork,New Hampshire,39979
80299561,MediumOrchid,17510066,60488 Mcdonald Field Suite 459,Rhode Island,58170
69520228,FloralWhite,58703403,10596 Woodward Cape,North Carolina,62101
79177818,Moccasin,50609789,2507 Fisher Well,Hawaii,43597
74446162,LightGray,47608795,16933 Bailey Rapid Apt. 783,Delaware,59693
15766540,MintCream,90962110,6243 Martin Passage Apt. 297,Wyoming,89244
62726320,Chartreuse,81361861,748 King Garden,Mississippi,14676
89489673,PaleGoldenRod,52418204,8516 James Islands Suite 700,Wyoming,15913
64231303,DarkGoldenRod,82653828,5447 Mullen Light,Vermont,87649
8899248,Wheat,76815393,14085 Murphy Station Apt. 484,Tennessee,73483
51662240,Sienna,13315634,52266 Campbell Village Suite 913,South Dakota,11795
52829994,Gold,89822951,77676 Singleton Wall Suite 083,Arkansas,79938
51464394,DarkOrange,40324364,02159 Bradley Centers Suite 069,Georgia,81693
40950259,DarkSlateGray,81641796,475 Perez Causeway,Louisiana,16272
3784150,MediumAquaMarine,49985450,0964 Kyle Circles Apt. 617,New Mexico,40185
13926892,DarkGoldenRod,54337381,92697 Perez Land,Virginia,13297
83936838,MediumOrchid,33047997,23486 John Fall,Illinois,99141
64682068,AliceBlue,32187984,984 Keith Underpass,Iowa,87966
14340833,LavenderBlush,89599884,727 Charles Plains Suite 769,Michigan,1418
19118321,DarkTurquoise,81392377,03958 Rebecca Greens,Delaware,92086
64827810,Chocolate,34965160,59687 Tran Knoll Suite 928,Georgia,75575
84303479,MediumTurquoise,67318704,72824 White Roads Apt. 054,Wyoming,76944
82256685,LightSalmon,27975992,12137 Megan Prairie,Kansas,57372
76476914,Azure,59747888,625 Collins Forks,Kansas,48138
45437502,ForestGreen,5270668,7650 Mann Place Apt. 993,Mississippi,82047
74427819,LightGray,97004745,94476 Catherine Drives Suite 739,Utah,34549
90776458,SandyBrown,44995423,752 Johnson Oval Apt. 401,Nevada,26478
51711795,PaleVioletRed,52654978,5626 Garcia Glen,Idaho,73840
49744347,Coral,97755586,63848 Darlene Manors Apt. 947,West Virginia,20971
35576433,LightCyan,7836534,388 Victoria Groves Apt. 556,West Virginia,10518
36198986,Chocolate,943161,1447 Rodgers Grove Apt. 464,Missouri,62312
50812189,Red,95708409,8280 Andrews Ferry,Alaska,83743
50809493,Tan,8826374,63643 Rachel Drives,California,34648
28612186,MediumSeaGreen,1803853,984 Christina Mountains,Minnesota,57792
33807195,SkyBlue,6263355,1603 Kathleen Spring,Iowa,40389
77883476,Maroon,92706187,610 Lara Flat Apt. 450,Hawaii,41564
71064796,LavenderBlush,74153442,628 Jason Light Suite 915,North Dakota,85279
1868609,SandyBrown,21386510,272 Green Club Suite 509,Rhode Island,30061
37998929,LightSlateGray,28713487,12060 Miller Mews,Idaho,62006
78337473,PaleTurquoise,20753511,02038 Smith Plains Suite 393,Ohio,24860
92582903,Wheat,10955680,2051 Hill Plain Suite 088,Idaho,35623
41650059,Thistle,48300148,957 Phillips Fields,Ohio,65151
20053147,GoldenRod,29118106,1537 Terry Lock,Kansas,53986
65054048,DarkSeaGreen,39632210,69145 Tyler Landing Suite 137,Tennessee,54912
12144709,GhostWhite,12009541,7975 Cox Place,South Dakota,35038
29501618,LightSeaGreen,57013282,362 Ferrell Canyon Suite 328,Tennessee,82875
55688895,GoldenRod,93120975,1278 Norris Overpass,Colorado,43497
75617233,LightPink,27860939,9512 Melton Meadow Suite 309,Maryland,80317
59199540,Ivory,83482502,9660 Christopher Burg,Wisconsin,2775
41193969,FireBrick,39930231,68632 Price Estates,Washington,33323
22016645,Bisque,25473582,57947 Williams Walk,New Jersey,21184
54200814,Violet,31167710,994 Perez Gateway,Oklahoma,19663
5060498,PaleGreen,12105090,7904 Benjamin Ville Apt. 733,Nevada,909
25968477,DarkViolet,65856536,3265 Jane Trail,Delaware,62036
41487822,LemonChiffon,43490028,5098 Smith Row,Arkansas,10261
6128210,BlanchedAlmond,61326675,304 Dennis Falls,Hawaii,98038
79870542,Linen,77473974,4836 Susan Viaduct Apt. 301,North Carolina,98159
17255080,SpringGreen,47017245,2129 Kathy Burg Suite 589,Tennessee,22989
15871329,DarkSlateGray,14654749,55398 Morrison Mountains,Louisiana,49672
38160028,DeepPink,16305229,691 Olivia Skyway,New Jersey,75458
1364576,Fuchsia,16820005,40826 Faulkner Harbor,Arizona,84914
70568790,LimeGreen,59497905,822 Robertson Parkway,New Hampshire,28311
27640593,LimeGreen,79833066,91143 Ashley Flats Suite 252,Oklahoma,24694
56475029,Cyan,18896411,11083 John Freeway,Maryland,10146
81842674,PaleTurquoise,51960315,74861 Aaron Corner,Illinois,36984
76781049,Thistle,8651174,904 Brian Locks,Wisconsin,40055
45792786,BlueViolet,65962787,885 Kathryn Keys,Indiana,78343
87720846,LightCyan,57856551,030 Johnson Hills,New York,86309
95048017,Fuchsia,55981606,97025 Oscar Passage Suite 034,Missouri,30431
98219162,Orange,29791552,7380 Brenda River,Virginia,6609
28164418,MediumSpringGreen,2448787,6896 Flores Spur Suite 178,Virginia,76747
39450111,MintCream,66990581,364 Barker Harbor,Indiana,3005
47913721,Gainsboro,52716683,164 Torres Estate,California,58214
70984057,DarkOliveGreen,30926059,361 Kaitlin Mews,Michigan,31707
70075915,Orange,50003372,3825 Nicholas Plain Suite 832,Idaho,21511
94598902,Khaki,84004574,027 Lisa Alley Suite 693,Georgia,99679
67880874,RoyalBlue,13912260,2843 Jeffrey Light Apt. 331,Massachusetts,6261
15382030,SlateGray,5370535,835 Fisher Shores,Ohio,83209
19782775,Aqua,43219858,2232 Brenda Corner Suite 262,Connecticut,15516
32638127,HotPink,23354418,35745 Amanda Center Suite 920,Indiana,13014
36763153,OliveDrab,23429055,396 Torres Harbor,Kansas,77232
19285771,MediumAquaMarine,92728592,6891 Harris Isle Apt. 468,Oklahoma,6124
73997160,Gray,2364599,45595 Rose Hills Apt. 248,Oklahoma,11632
3634820,SteelBlue,94809916,9611 Gibson Locks Suite 188,Oregon,7456
53424716,Silver,2436326,3076 Young Lane,Kentucky,62905
38928109,MediumAquaMarine,69126925,39709 Wilkinson Track Suite 883,Michigan,23849
89050606,MediumTurquoise,70764123,22483 Jimenez Valleys,Tennessee,10439
37321796,Orange,8960597,32910 Sandoval Station Suite 957,Louisiana,79705
78785779,Orange,29041022,13725 Jacqueline Bridge Apt. 500,Arizona,2930
41760550,Snow,25833621,68984 Perez Flats,Minnesota,99274
62689588,PaleGreen,86575386,14658 Alvin Pines,Connecticut,1919
88881683,Navy,93568807,581 Darrell Court Apt. 612,Texas,94451
41755877,Wheat,71584287,0628 Pittman Points Apt. 556,Rhode Island,54441
39221971,DarkOliveGreen,45524806,55567 Hayes Hills,Michigan,76807
80081821,MediumPurple,47882560,476 Samantha Squares,Missouri,51220
79298704,WhiteSmoke,71462714,6059 Samuel Ramp Apt. 996,Arkansas,84775
55162890,ForestGreen,85915268,656 Wang Viaduct Apt. 172,Maryland,87939
89863558,Turquoise,93026567,066 Kimberly Harbors Suite 109,Iowa,95771
66397267,AliceBlue,9034495,85945 Smith Corners,Alabama,86367
69589676,SkyBlue,64353555,0295 Samantha Locks Apt. 754,Hawaii,28292
45610134,Cornsilk,44806545,97042 Anthony Summit Suite 096,Michigan,49612
27780572,Wheat,87633184,1421 Smith Estates,Tennessee,86397
71452029,Linen,83787874,17460 Ramirez Islands Suite 945,Alabama,44707
34943021,Bisque,24317252,267 Miller Valley Apt. 536,Vermont,31485
17104975,PaleVioletRed,87938876,452 Justin Ridge,Massachusetts,17090
66038726,LightPink,16065956,165 Stephen Trail Suite 711,Mississippi,64777
69328671,LightSalmon,58049358,1243 Allison Parks Suite 565,Missouri,98296
70985450,MediumSpringGreen,48299954,2035 Andrea Square,North Dakota,86420
31854382,Brown,60718280,08143 Brett Turnpike Suite 484,Maryland,60678
90111389,SeaGreen,82032074,46576 Murphy Port Suite 186,Connecticut,99186
60041029,DarkOrange,34838983,3370 Joseph Station Apt. 205,Oklahoma,35429
92308428,Aqua,11079750,74126 Rebecca Mall Apt. 590,Florida,88291
63978360,White,76344626,38973 Casey Corner Suite 934,Delaware,70819
74884681,Ivory,60951625,342 Jay Shoals,New York,33739
20471828,PaleTurquoise,16051669,62360 Summers Station,North Carolina,1371
98601639,Blue,44255701,7992 Sherman Point Apt. 750,Indiana,83583
68806347,LightPink,16124738,662 Willis Drive,Montana,87194
12676491,DarkViolet,85360969,630 Carla Motorway,Nebraska,97404
87933888,Crimson,36055227,27974 Alexandra Avenue Apt. 413,New York,6170
47033856,HotPink,46786173,2677 Hoffman Spur Apt. 959,Massachusetts,34065
27444313,MediumOrchid,10829554,57247 Wilson Cape,New Jersey,56501
29288144,DarkBlue,48679190,14372 Lisa Oval,Idaho,42952
50689965,RoyalBlue,83162510,7294 Amanda Trace,Delaware,6926
12889273,DimGray,83910555,90839 Douglas Way Suite 835,Mississippi,91200
86260657,Peru,31281195,4851 Christopher Trafficway Apt. 066,Tennessee,31871
3509388,Thistle,18929140,2255 Todd View Suite 147,Mississippi,12163
57303642,BlueViolet,37798338,482 Johnson Park Apt. 896,Colorado,70720
30004528,DarkRed,34500491,437 Kevin Views,Montana,19819
96121597,Gainsboro,73400905,9603 Robin Way Apt. 923,Indiana,55126
76829093,LightGreen,96209547,515 Phelps Road Apt. 871,North Carolina,60097
44764173,Tomato,82274849,9901 Brian Locks,Maryland,60754
57751900,WhiteSmoke,81172238,9398 Robinson Plains Apt. 897,Massachusetts,8448
67682805,MidnightBlue,21877629,985 Bush Burg Apt. 421,Ohio,45074
42086444,Chartreuse,5610822,72141 Ruiz Flat,Georgia,80685
53709639,Sienna,53229724,831 Corey Common,Hawaii,34774
71598192,LemonChiffon,88319100,2838 Dean Plains,Hawaii,49544
83328749,CornflowerBlue,80529248,56651 Eric Field Suite 458,Illinois,84017
7902789,Snow,22058645,320 Koch Locks,Louisiana,81908
82713416,Azure,31140188,88573 Kevin Crossing,Wyoming,42268
99740719,Moccasin,67682379,0107 Davis Throughway Suite 227,Connecticut,94563
40951638,RoyalBlue,58301487,125 Samuel Fields Suite 698,Illinois,28286
54731493,GhostWhite,19242224,1137 Cortez Oval Apt. 296,Iowa,73814
96033708,Lavender,53805423,318 Wilson Rest,Montana,30516
962438,LemonChiffon,28167693,3386 Carrie Well Suite 573,Rhode Island,25488
78809659,Lime,20908195,81098 Cook Road Apt. 361,Pennsylvania,16742
13779337,Maroon,91970015,982 Lori Well,Massachusetts,27491
31548571,Aquamarine,47402201,42413 Natalie Lake,New Jersey,72642
8849380,Indigo,26503943,03943 Howard Manor Apt. 461,Iowa,47036
5145256,Olive,44428259,5818 Scott Ferry Suite 043,Mississippi,17260
1372991,Black,52349164,309 Sharp Drive,Connecticut,76954
27058121,MediumPurple,96004142,079 Brian Stream Apt. 055,Missouri,68644
43636969,Cornsilk,38730016,895 Ortiz Lake Apt. 338,Texas,54839
73347606,LawnGreen,72467091,244 Mark Wells,Michigan,97414
92313941,White,58623268,3832 Buchanan Groves Apt. 147,Idaho,16125
58524497,SlateBlue,1325645,9601 Vincent Ville,New Hampshire,71587
72140055,DodgerBlue,18732764,923 Burns Mountain Suite 445,Louisiana,54785
64307350,LavenderBlush,86373098,31001 Scott Ways,New Jersey,88572
34959534,PaleGoldenRod,69466694,41250 Darrell Cliff Suite 659,Rhode Island,38669
49714876,MediumPurple,18990041,604 Duran Extension Apt. 182,Virginia,28840
609487,OldLace,42942665,70766 John Lakes,Nebraska,22412
66733096,SkyBlue,84131690,36584 Wagner Prairie,South Dakota,22217
26812687,BlueViolet,79873246,47693 Snyder Ports Apt. 244,Idaho,93602
35662105,White,84112378,223 Roger Knoll,New Jersey,9881
55624831,SteelBlue,76497254,1517 Rebecca Stravenue Apt. 066,Maine,34530
64587554,LightBlue,70506075,56011 Daniel Falls,Arizona,38349
64072012,Maroon,1821550,0556 Tara Way,Wyoming,94836
55375870,DarkSlateBlue,38997570,7566 Cohen Trail Apt. 220,Kentucky,77263
21086151,PeachPuff,2225623,2750 Kristie Walk Apt. 945,South Dakota,99751
352499,GhostWhite,81790401,100 David Meadow,Colorado,63659
3963982,Ivory,81660469,68282 Douglas Trail,Virginia,42514
33328263,Maroon,3673355,52993 James Isle Apt. 718,Kansas,80516
56672237,DarkGoldenRod,68668204,46062 Turner Roads,Alaska,39451
55166409,SaddleBrown,85126107,00053 Thomas Burgs,Maine,62891
19083520,SteelBlue,2630533,74062 Miranda Tunnel,Wyoming,30565
37035020,Orange,3401729,52232 Davidson Knolls Suite 263,Oklahoma,20899
11978862,Black,69235399,6376 Webb Skyway,Ohio,47004
65206188,Aquamarine,43354771,89957 Paul Mountain,Hawaii,41541
26795751,MediumTurquoise,7222092,15312 Wilson Harbor,Illinois,31990
83535482,DarkSlateGray,44157098,4486 Tina Corners Suite 739,Hawaii,41726
23889477,Blue,3826034,4054 Paul Oval Suite 650,Tennessee,40469
29952144,WhiteSmoke,56372694,8903 Joshua Point,New Hampshire,85155
45695360,Chocolate,83222016,242 Todd View,Texas,70769
18377132,SteelBlue,17641333,945 Barr Loaf Apt. 881,Iowa,22698
81946808,MediumSlateBlue,4758501,9431 Sandra Drive,North Carolina,85316
23820890,Black,19335346,67491 Brandon Gardens Apt. 011,Alabama,74296
18362886,MediumVioletRed,19951065,511 James Extensions Apt. 883,Nebraska,76004
84594679,DeepSkyBlue,80931621,264 Russell Groves Suite 433,Alabama,32168
47328839,MintCream,87618839,7391 Monica Prairie Apt. 502,Alabama,65763
28154105,MediumVioletRed,73644361,569 Andrew Harbor Apt. 904,Oregon,80713
7554087,PaleGreen,74072446,6808 Henderson Corners Apt. 777,New Hampshire,95643
86715447,PaleVioletRed,57280677,8763 Colin River,Texas,1879
62548991,Wheat,70989632,50446 Timothy Crossroad Apt. 619,Alabama,28440
77808776,Gainsboro,49296099,9864 Angela Burgs,Tennessee,10515
95357829,CadetBlue,15535856,446 Alejandro Bridge,Connecticut,56171
90132698,AliceBlue,95774336,32758 Jonathon Street Suite 206,Rhode Island,78967
66809234,GhostWhite,17356510,6130 Richards Springs,Louisiana,58666
12691524,BlanchedAlmond,37302719,4692 Kristin Pike Apt. 382,Georgia,55655
67479474,Azure,99361228,812 Wood Meadows,Arizona,98708
29287185,Purple,48910347,947 David Skyway,Massachusetts,76486
77336132,DeepPink,69043208,03813 Carl Creek,New Jersey,55099
96046333,MidnightBlue,14527951,0152 Joshua Valley,Nebraska,31819
25205916,Wheat,74013340,9334 Mark Alley,New Jersey,83964
92366336,LightGray,29780648,2431 Powell Mission Suite 553,Massachusetts,2801
2539546,Tomato,45217845,73038 Connor Summit,Ohio,51130
57022932,MediumAquaMarine,92325685,87474 Nicholas Court,Pennsylvania,27950
64910475,White,37187163,730 Caroline Springs,Montana,4683
65387788,Thistle,17973090,20339 Lauren Keys,Vermont,73858
99529130,Violet,43536481,59889 Ortega Highway,Colorado,98462
43686193,MediumTurquoise,37263195,784 Mark Harbors,Michigan,34399
97377603,Chocolate,41678763,603 Eddie Trace Suite 392,Utah,5816
74202652,MediumSeaGreen,82812201,1952 Sheila Ramp Apt. 291,Iowa,96712
21287374,DimGray,94542554,70154 Cruz Land Apt. 367,Idaho,17910
27108277,MidnightBlue,396516,92371 Carlson Landing,Idaho,6978
64391472,ForestGreen,74746378,253 Sandoval Bridge,New Mexico,41613
38327766,NavajoWhite,79496674,241 Susan Course Suite 759,Nebraska,80831
23574878,MintCream,38661631,8559 Barrera Radial Suite 924,Alabama,51576
3041079,LimeGreen,93367974,932 Thomas Summit,Virginia,68091
88060217,Gold,78753501,451 Samuel Fork Suite 152,Arkansas,14046
55753920,LightGray,84586889,570 Beck Pass,Mississippi,63346
8047687,DeepPink,52171055,664 Jeffrey Oval,New Mexico,23563
1684179,LightSeaGreen,72705254,39467 Brian Vista,Utah,65964
84743374,LightSteelBlue,87319620,62975 Amber Inlet,Mississippi,11615
53542038,LightCyan,63532913,2702 Michelle Road,Oregon,85987
17664691,Ivory,80345671,0129 Martinez Keys,Alabama,72444
85891395,Cyan,88823478,74354 Cheryl Inlet Apt. 042,Colorado,51900
33670140,MintCream,52202476,5793 Wise Pike,Vermont,3326
26251998,LightSlateGray,65071670,111 Paul Tunnel Suite 336,Alabama,93725
14138881,DarkKhaki,97222774,67952 Rivera Junctions Suite 654,Kentucky,84911
10327852,DarkMagenta,95322681,3253 Gregory Pine Suite 583,Maryland,8482
11098867,ForestGreen,88435091,0895 Michelle Motorway,Montana,70129
39836687,PeachPuff,50450077,8788 Jim Fields Apt. 947,Michigan,11359
77551702,Azure,190589,658 Charles Lane,Minnesota,24530
85249455,Gainsboro,98573639,476 Watson Shores Apt. 322,Connecticut,28981
6845216,DarkBlue,29582921,828 Carl Expressway Suite 274,Alabama,26758
87908695,Khaki,75340131,317 Hernandez Curve Suite 440,Minnesota,93570
82416959,NavajoWhite,55289207,8870 Juarez Rest Suite 065,Tennessee,75251
43269006,Ivory,36747115,09674 Garcia Islands Suite 283,Massachusetts,84083
17726160,YellowGreen,46555243,8466 Michael Extension,Wisconsin,72522
39925787,DarkSeaGreen,72271735,925 Amanda Junction Suite 912,North Carolina,94692
36767724,Tan,60086327,2060 Mccarthy Burgs Apt. 011,Montana,13445
56054484,Brown,7277375,98500 Garcia Path,Maryland,40289
68713058,Chocolate,20931551,55504 Alvarado Circle,Delaware,90324
44225728,SandyBrown,50556908,52534 Carlos Route Apt. 227,Georgia,16929
2261218,FireBrick,7386824,28285 Pam Valley Apt. 730,California,3359
32300178,MediumTurquoise,77792075,76019 Edward Lake,Alaska,64004
51879419,LightSteelBlue,86822671,944 Booth Ridge Suite 110,Delaware,99498
9265462,Black,10081488,46319 Michael Camp,Alabama,34941
76747175,Orange,75354688,833 Mendoza Plaza,Maine,10080
52388163,IndianRed,96817285,72004 Mary Coves,New York,74098
44538972,Maroon,59512356,598 Cox Burgs,Iowa,67692
93141420,Olive,31409087,2535 Schneider Drive,North Dakota,99805
1429688,DarkGreen,24387149,046 Hamilton Springs,Arkansas,72866
6560911,LightSlateGray,41728895,733 Lopez Roads,Virginia,37528
34559734,LawnGreen,56637885,98539 Larry Groves Apt. 915,Washington,46836
49508284,Snow,32737370,8938 Kristen Springs Suite 405,Kentucky,48814
69291623,LightCyan,8540393,0370 Kristina Lights Apt. 762,Arkansas,99402
62840149,LightBlue,43641185,2339 Shannon Burgs,Oklahoma,24743
64663401,Lavender,28750062,82408 Zhang Road,New Jersey,95291
11332688,Salmon,49246346,6842 Stacey Green Suite 450,Tennessee,98062
71889375,Beige,36717378,550 Robinson Cliff Suite 809,Texas,90071
57321523,DimGray,90420290,9603 Elizabeth Inlet Apt. 395,Maine,47864
68415389,GhostWhite,62183642,319 Curtis Lodge,Minnesota,92681
88205892,MediumBlue,41548585,044 Douglas Mill,Kentucky,42018
59842828,Navy,56810288,887 Palmer Village,Idaho,62843
98564453,LightPink,66044406,9028 Anderson Ville,Maine,32198
80775546,Purple,4261612,7998 Jacob Centers Suite 608,Oregon,65577
95425863,LightSeaGreen,85963191,633 Byrd Knoll Suite 532,Oklahoma,34296
36106455,LightBlue,38654084,62826 Thompson Canyon Suite 430,Pennsylvania,50663
81391868,PapayaWhip,13270728,481 Day Track Apt. 396,Georgia,97906
10773802,Ivory,70612424,6563 Barbara Spurs,North Dakota,15560
97451648,Salmon,77622327,758 Morales Loaf Apt. 836,Pennsylvania,58084
70436167,DarkSalmon,41516669,0469 Melanie Route,Arkansas,59029
30210981,MistyRose,31478618,03000 Gary Mission Apt. 695,North Carolina,84357
67160242,PapayaWhip,72065839,8652 Jacqueline Forge,Oregon,17087
51875626,RosyBrown,59419150,687 Jacob Springs,Indiana,87397
52479687,Chocolate,3093863,8926 Lambert Freeway,Oregon,59299
38250927,SeaGreen,78517622,6455 Christy Centers,Michigan,99498
52621314,Coral,19136622,987 Jean Spur,New Mexico,94203
90874956,Tomato,4195535,956 Perkins Square Apt. 135,New Jersey,27911
34425749,PapayaWhip,29251988,2271 White Unions,Georgia,61915
12630028,LightGray,12293889,6272 Rebecca Camp,Florida,5645
97475675,DarkSalmon,35314691,23817 Matthew Roads Suite 577,Maryland,93165
72177938,SpringGreen,67875177,5740 Sanchez Junction,Iowa,25512
42392767,Chocolate,85497504,676 David Light,South Dakota,79471
43249671,LightSkyBlue,87003680,1973 Lawrence Locks Apt. 808,South Carolina,30949
46320971,DarkSeaGreen,1408317,38819 Murray Village,North Carolina,60986
33630649,DarkSlateBlue,89085509,2729 Hayes Wells Apt. 834,Maryland,22494
15078629,OliveDrab,8210593,679 Allison Springs Apt. 346,Mississippi,63879
25136418,Cornsilk,17518215,805 Harper Plaza,Vermont,11856
57688763,AntiqueWhite,16333048,462 Brendan Brooks Suite 114,Massachusetts,2316
78873124,MediumAquaMarine,2587981,722 Williams Path,Kentucky,80885
91369338,SandyBrown,87441840,7499 Larson Mission Apt. 693,Montana,79696
2134857,GoldenRod,26407418,02787 Lowe Land Suite 624,Delaware,74804
81960019,Orange,48992640,279 Castillo Flats,Pennsylvania,68546
26822020,SpringGreen,91424419,374 Jones Junctions,California,72258
98069958,Teal,10468661,705 Molly Lake,Rhode Island,41721
21299339,MediumBlue,13834609,8969 Hall Lake Suite 589,North Dakota,45003
74109784,PaleVioletRed,3262863,87932 Nathan Shores,Minnesota,48118
51990893,Blue,29377350,141 Jason Freeway,Arkansas,8435
41355657,BlueViolet,80986386,01782 Marsh Ports,Washington,26473
23753877,LavenderBlush,1646214,813 Zachary Run,Missouri,96436
28078876,MediumTurquoise,4985433,97100 Brown Row Apt. 406,Virginia,96942
72090763,ForestGreen,70040708,0666 Vega Shore,Alabama,42316
14064487,DarkSlateBlue,53581761,7039 Jennifer Flats,Montana,95364
69169496,MidnightBlue,54073555,079 Barbara Rapid,Oklahoma,92269
13580612,Azure,97580461,1865 Ford Locks,Wisconsin,81084
78114074,IndianRed,97441878,65473 Shane Shoals Apt. 259,Oklahoma,66140
52206184,SeaShell,9975491,55497 Payne Rapid,Utah,75427
74661398,WhiteSmoke,35634041,03104 Travis Village Apt. 341,Colorado,87057
85094482,WhiteSmoke,18340730,56615 Moore Turnpike Suite 800,Kentucky,8872
7097300,Lavender,1750560,8536 Perez View,Virginia,4807
19470757,Lavender,18083972,8132 Mendez Circles Apt. 141,Utah,71879
47075627,BurlyWood,59889687,4425 French Causeway Suite 007,Texas,7643
87904765,LightSteelBlue,52506147,078 Johnson Stream,Montana,77680
75173579,Gold,86787086,5684 Janice Junctions Suite 713,Colorado,18725
44557836,GhostWhite,33884004,6821 Latoya Squares,New Hampshire,14563
30630444,LimeGreen,86873123,982 David Lake Apt. 976,Alabama,4617
71022277,PapayaWhip,41286128,4670 Brett Ramp,Pennsylvania,11193
29651580,LightGreen,62966313,17521 Christina Valleys,Mississippi,28938
50749997,FloralWhite,18154610,4095 Jeffery Avenue Suite 948,Minnesota,39849
77490711,ForestGreen,63893250,5362 Donald Union,New Mexico,67380
28038757,OliveDrab,82835446,9039 Vanessa Flats Apt. 837,Indiana,87283
92256354,PaleGoldenRod,393225,739 Rosales Inlet,Maine,45573
514521,Orchid,17412049,58747 Paul Turnpike Suite 058,Alabama,64223
96679524,PaleGoldenRod,60850256,05047 David Isle Suite 560,North Dakota,74616
85181595,LightCyan,18831153,26283 Pittman Key Apt. 748,Washington,78921
92637122,LemonChiffon,89497326,479 Diaz Islands,New Jersey,97698
56781502,DarkOrange,16072183,06115 Douglas Forges Apt. 936,Alaska,3147
62712019,Olive,45671395,33450 Daniel Center Apt. 158,Washington,29549
52850714,PaleTurquoise,67572687,45135 Stefanie Glens Suite 736,Maryland,59888
78537576,Maroon,55936811,1654 Pratt Coves,Arkansas,12391
55543118,Cyan,19004945,22234 Jones Crescent Suite 998,Mississippi,44906
90176012,DarkOliveGreen,80573319,1125 Gabriel Unions,Tennessee,39839
50223015,CornflowerBlue,37055325,99489 Schneider Lodge Apt. 411,Hawaii,60284
64607085,GhostWhite,23429291,894 Williams Vista,Oregon,45135
68120184,Navy,53258083,0311 William Lock Apt. 992,New Jersey,38676
51685744,DarkKhaki,81386918,271 Pacheco Well Suite 566,Kansas,77668
29213993,DarkOrange,56888461,221 Thomas Rapid Suite 372,West Virginia,32307
95920382,LightGray,21458750,7893 Mann Freeway Apt. 892,Illinois,86201
71535005,LightSkyBlue,75647766,5743 Perez Village,Maine,64534
14518430,DarkTurquoise,85937451,23882 Jacobs Bypass Apt. 739,New Jersey,70476
49811902,MediumVioletRed,93964807,92391 Kaitlin Vista,South Carolina,65910
86123747,SaddleBrown,95059358,803 Collins Garden Suite 845,West Virginia,6475
64446486,Chartreuse,18065015,883 Debra Key Apt. 980,Nevada,90373
35709664,Black,97937821,2910 Black Crossing Suite 609,New Hampshire,43045
21448775,IndianRed,44904678,0973 Jones Valley Suite 737,Illinois,23707
72866733,LightBlue,42887003,72640 Erin Brooks,Wyoming,58341
14114502,DarkBlue,86805032,281 Sabrina Ways,New York,41702
79877268,SeaShell,29829828,18085 Dixon Meadow,Arkansas,98991
80413363,Chocolate,89773307,650 Kevin Motorway Suite 287,Nebraska,3017
68025076,OliveDrab,4812449,15806 Calderon Motorway,Maine,70061
72561331,BurlyWood,43575510,029 Roth Common,New Mexico,36560
56956436,DarkGray,70554120,774 Reid Walk Apt. 669,Massachusetts,74360
80529019,WhiteSmoke,56926743,115 Jimenez Spurs,Maryland,83636
9043428,Magenta,57320946,117 Keith Canyon,Alabama,97336
91651228,DeepPink,42857907,1486 Ruben Wells,New York,906
41685716,Linen,18943733,293 Fox Springs,Montana,83461
53265500,DarkMagenta,17307000,491 Tyler Expressway,Delaware,32241
37900038,SandyBrown,18931495,39230 Snow Well,South Dakota,46490
35947998,Chocolate,53775627,91811 Hahn Tunnel Apt. 013,South Dakota,83922
5974757,MidnightBlue,9104686,345 Wilson Corners,Wyoming,33046
32663150,Navy,64199177,033 Richard Highway Suite 254,North Carolina,99599
6781552,Snow,60457325,816 Wilson Center,Alabama,29668
14486890,Teal,64756363,3464 Hunter Stravenue,New York,76184
38941399,FireBrick,23804869,7713 West Village Apt. 895,Florida,7188
37212070,SlateBlue,49604726,60251 Brett Forge,South Carolina,53019
20525866,HotPink,86795944,25533 Holland Neck Apt. 877,New Jersey,38461
11606161,SaddleBrown,84188380,00371 Cameron Rest Apt. 466,Idaho,95634
62565707,Coral,55377492,649 Laura Forges,Hawaii,60454
32997217,YellowGreen,4082569,302 Paige Walk,Hawaii,30975
8464408,Coral,40955377,625 Brett Parkway,Washington,80023
18577235,Indigo,40056227,5034 Clayton Heights,New Hampshire,18869
58455586,DarkOrange,68020873,4530 Angela Village,Pennsylvania,76261
80024675,MediumPurple,31678636,009 Escobar Lights Apt. 344,Massachusetts,98837
56360738,LightGreen,53584441,16826 Alvarez Points Apt. 043,Tennessee,71420
95692821,SlateGray,56027174,10670 Renee Haven,Oklahoma,19125
71823898,Indigo,86478960,775 Patel Coves,Oregon,11139
12222155,MintCream,46363244,818 Wong Shoal,Pennsylvania,64253
92251236,YellowGreen,31823241,8634 Barajas Ranch,Kentucky,8713
1914542,Orchid,61950580,33514 Baker Bypass Suite 802,Arkansas,13817
83402449,Tomato,7451584,85348 Steele Stravenue,Arizona,59566
11495314,IndianRed,14227257,805 Misty Terrace Apt. 436,Georgia,97678
25727104,Turquoise,18741056,83440 Archer Landing Apt. 919,Rhode Island,41466
88533995,SteelBlue,55220149,9420 Carpenter Key,Indiana,89858
96427491,FloralWhite,81578221,47912 Richard Corners Apt. 747,California,64351
47057029,Cornsilk,1165036,93319 French Garden,South Dakota,48049
60066695,DarkSalmon,86384773,886 Katherine Cove,Oregon,50270
1803211,SlateBlue,26832753,2231 Andrew Springs Apt. 855,North Dakota,93290
78516298,Pink,49647433,1297 Troy Club Suite 763,New Hampshire,25074
34392010,Silver,63299304,477 Acevedo Ranch Suite 779,Florida,71232
28201359,Coral,63121285,598 Lauren Flats,North Carolina,64717
69425516,SeaGreen,47337343,822 Allen Passage Apt. 771,Delaware,42810
16356320,LightYellow,32433289,676 Virginia Turnpike,Wyoming,15389
2590714,LemonChiffon,75393472,191 Brad Summit,Rhode Island,80506
93432238,Khaki,59376828,78467 Fitzpatrick Point,Idaho,92454
47575271,LightSkyBlue,65873939,6216 Beard Road Apt. 744,Indiana,87722
6883300,Lime,78836273,24467 Christopher Valley,Arizona,78588
1851830,RoyalBlue,21553196,956 Laura Landing Apt. 758,Oklahoma,96897
491723,Crimson,82413057,38472 Lisa Islands,Wyoming,59330
31136532,SaddleBrown,58831762,0265 Arthur Streets Apt. 533,Connecticut,98784
68868994,Ivory,82227531,811 Walter Shores,South Dakota,11463
92849266,BlueViolet,97860792,14195 Maldonado Walk Suite 899,Maine,76311
75693404,Lime,41623923,06640 Sandy Field,New York,33630
13120931,Cyan,38674983,424 Combs Harbors Suite 323,New Mexico,87381
97030072,Navy,23993846,6177 Holly Brooks Apt. 383,Ohio,54759
7422362,OrangeRed,74757336,3601 Michelle Flat,Arizona,981
78715455,RoyalBlue,99699642,64566 Jason Springs Apt. 813,Wyoming,53473
22909152,Red,37619343,640 Russell Land,Arizona,60191
84855947,Fuchsia,159708,751 Dawn Lakes Apt. 212,Nevada,29630
78343962,DarkRed,46505118,1597 Barbara Flats Apt. 907,Indiana,26172
64404295,GoldenRod,24175166,6411 Alex Prairie Suite 216,Hawaii,45713
1547344,SeaGreen,67204755,699 Maureen Rest,Vermont,10452
95444253,Beige,82328375,9280 Jessica Islands Apt. 690,North Dakota,45398
39336316,MediumOrchid,23503786,67456 Buckley Manors,Kansas,75101
68912123,NavajoWhite,2989099,69684 Karla Glen,New Jersey,67868
28416906,LightBlue,55590617,33872 Moore Ports Apt. 642,Pennsylvania,80064
9493728,LightBlue,57471815,07273 Wilson Centers Suite 383,Virginia,9817
95351681,Gainsboro,30466029,097 Perez Highway,New Hampshire,78325
57986111,WhiteSmoke,55606912,1928 Hunter Courts Apt. 158,Colorado,88360
7973727,Sienna,64304526,706 Bennett Turnpike Suite 472,South Dakota,65891
84021397,LightGreen,94534405,9017 Andrews Run,Oklahoma,13925
15292100,Sienna,47193277,103 Michelle Mission,New Mexico,83765
13994273,White,76278464,583 George Village Apt. 584,Oklahoma,57642
